id,projectId,parentProjectId,domain,primaryDomain,relatedDomains,deploymentLevel,title,year,organization,problem,approach,devices,evidenceLevel,evidence,paper_titles,paper_urls,paper_source_types,code_names,code_urls,code_statuses,code_artifact_types,code_access,data,maturity,limitations,tags
PHY-07,PHY-07,,physics,physics,,,PORTALS：以高斯过程代理优化高保真核心输运通量匹配,2024,MIT PSFC、General Atomics、UC San Diego 等,直接以 CGYRO/NEO 等高保真模型进行多通道稳态通量匹配需要大量昂贵调用，常规迭代难以承受。,在局部梯度—通量空间构建高斯过程代理，并以贝叶斯优化选择下一组高保真计算点；同时求解电子/离子温度、密度、杂质与旋转等耦合剖面。,DIII-D：ITER Similar Shape 放电的五通道预测 | 也用于/面向 Alcator C-Mod、ASDEX Upgrade、JET、SPARC、ITER 场景研究,E2,论文在 DIII-D 案例中以显著少于朴素迭代的高保真调用完成五通道匹配，并保持收敛点的全物理求解精度；属于稳态预测与实验解释，不是在线动态孪生。,Enhancing predictive capabilities in fusion burning plasmas through surrogate-based optimization in core transport solvers,https://arxiv.org/abs/2312.12610,,MITIM-fusion / PORTALS,https://github.com/pabloprf/MITIM-fusion,official-direct,,,DIII-D 实验输入和 CGYRO/NEO 调用结果未形成公开一键基准。,已服务多装置/反应堆场景的高保真离线预测工作流。,主要面向稳态和局部输运；依赖 CGYRO/NEO 及所选参数化，MHD、锯齿、边界和不确定性传播仍需外部模型补足。,PORTALS | CGYRO | NEO | 高斯过程 | 贝叶斯优化 | 通量匹配
PHY-02,PHY-02,,physics,physics,,,面向 JOREK 与 MAST 观测的 Fourier Neural Operator 等离子体代理,2024,UKAEA、UCL、Caltech、JOREK/MAST 合作团队,高保真 MHD 时空演化计算和高速相机观测预测成本高，限制了不确定性扫描、实验前预测和近实时状态推演。,采用多变量 Fourier Neural Operator 学习从初始场/历史帧到二维时空场的算子映射，同时研究模拟数据与 MAST 高速相机图像上的多步预测和超分辨率。,JOREK：非线性 MHD 合成数据 | MAST：中央螺线管与偏滤器视场的高速相机数据；未在 MAST-U 在线控制中部署,E2,论文报告相对数值求解器约 6 个数量级的推理加速，归一化均方误差可达约 10^-5，并展示 MAST 图像的零样本空间超分辨率；长期滚动和稀有瞬态仍会损失细节。,Plasma surrogate modelling using Fourier neural operators,https://doi.org/10.1088/1741-4326/ad313a,,论文训练代码与检查点 | neuraloperator, | https://github.com/NeuralOperator/neuraloperator,not-public | official-enabling, | , | ,JOREK 模拟子集与 MAST 相机训练集未作为完整可复现基准公开。,离线概念验证；未形成装置在线状态估计或闭环控制服务。,自回归漂移、极端事件覆盖、守恒/稳定性约束、跨视线几何迁移和实验标定误差尚未系统解决。,FNO | JOREK | MAST | MHD | 高速相机 | 超分辨率
PHY-04,PHY-04,,physics,physics,,,NSTX-U Eqnet/Pertnet 快速平衡与等离子体响应模型,2022,Princeton University、PPPL / PlasmaControl,自由边界 Grad–Shafranov 平衡与非刚性响应计算过慢，限制脉冲规划、闭环仿真和控制器批量测试。,Eqnet 学习 EFIT01 平衡重建，Pertnet 学习 Gspert 小扰动响应；同时提供前向状态预测和由磁诊断重建平衡的模式。,NSTX-U：历史实验、EFIT01 与 Gspert 数据,E2,论文展示对 NSTX-U 平衡/响应的高精度离线复现；在容器涡流显著时，重建模式相对当时的 RTEFIT 标签/输入处理表现出优势。其目标是闭环模拟和控制设计，论文未宣称已替代装置在线权威平衡。,Neural net modeling of equilibria in NSTX-U,https://doi.org/10.1088/1741-4326/ac77e6,,nstxu-nns,https://github.com/PlasmaControl/nstxu-nns,official-direct,,,仓库公开模型与示例；完整 NSTX-U 放电、EFIT01/Gspert 训练数据受设施数据访问约束。,装置特定、可用于闭环仿真的研究级代理；在线权威使用仍需装置侧 V&V。,继承 EFIT/Gspert 标签与线性化响应假设；跨装置、强外推、失磁诊断和不确定度校准尚不足。,NSTX-U | 平衡重建 | Grad-Shafranov | Eqnet | Pertnet | 控制仿真
PHY-01,PHY-01,,physics,physics,,,QLKNN：QuaLiKiz 湍流输运神经网络代理,2020,DIFFER、CEA、EPFL、UKAEA、JET/QuaLiKiz 团队,QuaLiKiz 等准线性湍流输运模型在集成输运模拟、场景优化和控制设计中仍过于昂贵，难以进行大量参数扫描或实时预测。,以约 3 亿个 QuaLiKiz 输入—通量样本训练前馈神经网络，并通过分区/阈值处理保留临界梯度附近的零通量与刚性输运行为；可嵌入 JINTRAC、RAPTOR 等输运框架。,JET：3 个 H 模放电的时间依赖剖面模拟 | ITER/反应堆参数区：仅为外推应用目标，非实验验证,E2,论文报告相对 QuaLiKiz 加速约 3–5 个数量级，使原本小时级的动态输运计算降至数十秒；在 3 个 JET 放电中，稳态末端剖面差异约 1%–15%，动态量差异约 4%–10%。这些结果验证的是对 QuaLiKiz 的仿真代理能力，不等同于对真实湍流的独立验证。,Fast modeling of turbulent transport in fusion plasmas using neural networks,https://doi.org/10.1063/1.5134126,,QLKNN-develop | fusion_surrogates / QLKNN_7_11,https://gitlab.com/qualikiz-group/QLKNN-develop | https://github.com/google-deepmind/fusion_surrogates,official-direct | official-enabling, | , | ,训练数据库由大规模 QuaLiKiz 合成计算产生；模型与部分权重公开，但原始约 3 亿样本并非一键下载的完整公开基准。,已在主流集成输运代码中离线耦合并用于 JET 放电回放；研究级高成熟代理，尚非安全关键在线模型。,严格受训练域和父模型 QuaLiKiz 假设约束；对外推、非局域效应、强 MHD/边界耦合及不确定度的覆盖有限。,湍流输运 | 代理模型 | JET | JINTRAC | RAPTOR | QuaLiKiz
PHY-03,PHY-03,,physics,physics,,,JOREK/STORM 边缘等离子体神经算子：可行性与数据效率,2025,UKAEA、Johannes Kepler University 等,边缘/SOL 与 MHD 代码的完整时间推进代价高，而传统逐步代理在长时滚动中容易漂移。,基于 PDEArena 的 FNO/神经 PDE 训练流程，比较单变量与多变量预测、数据效率以及低保真到高保真微调，覆盖 JOREK 与 STORM 的二维演化。,通用/合成：JOREK 与 STORM 简化二维 blob、SOL 和 MHD 配置 | 未针对某一台装置做实验闭环验证,E1,论文显示 FNO 能捕获 blob 运动和密度源定位等早期演化；长时自回归会累积误差并出现与特定物理现象相关的非单调误差尖峰。低保真到高保真迁移在小数据、短滚动场景可将误差降低约一个数量级，但在长滚动、大数据或动力学差异较大时收益减弱，向未见变量迁移失败。,Neural operator surrogate models of plasma edge simulations: feasibility and data efficiency | Data efficiency and long term prediction capabilities for neural operator surrogate models of core and edge plasma codes,https://arxiv.org/abs/2502.17386 | https://arxiv.org/abs/2402.08561, | ,论文专用训练配置、数据与检查点 | PDEArena, | https://github.com/microsoft/pdearena,not-public | official-enabling, | , | ,主要为研究团队生成的模拟数据，尚无完整公共数据发布。,离线研究原型。,几何和物理均较简化；细尺度结构随滚动衰减，且尚缺守恒误差、失稳边界和外推置信度的工程验收标准。,神经算子 | JOREK | STORM | SOL | 边缘等离子体 | 多保真
PHY-05,PHY-05,,physics,physics,,,TGLF-WINN：波数信息约束的数据高效 TGLF 湍流输运代理,2025,UC San Diego、General Atomics、Princeton 等,TGLF 在全脉冲输运和多次通量匹配中的调用成本过高，直接限制高维场景优化。,通过物理启发的特征工程压缩目标动态范围，在损失中加入按波数分辨的通量正则，并用贝叶斯主动学习挑选 TGLF 样本，以较少昂贵标签训练湍流通量代理。,通用/TGLF 合成参数域；论文未报告具体装置上的在线验证,E1,预印本 v3 报告特征调优与波数正则相对 TGLF-NN 的全数据 RMSLE 降低约 12.5%；加入贝叶斯主动学习后，用 25% 数据即可达到距 TGLF-NN 全数据基线约 2.8% 的离线精度，嵌入通量匹配后相对 TGLF 约 45 倍加速且重建精度相近。,TGLF-WINN: Data-Efficient Deep Learning Surrogate for Turbulent Transport Modeling in Fusion,https://arxiv.org/abs/2509.07024,,TGLF-WINN 训练与权重,,not-public,,,TGLF 合成训练集未发现可核验的完整公开下载。,较新的预印本级离线代理。,尚缺同行评议后的跨装置实验验证、外推检测和不确定度；最终精度上限由 TGLF 父模型决定。,TGLF | TGLF-WINN | 湍流输运 | 波数约束 | 主动学习 | 通量匹配
PHY-08,PHY-08,,physics,physics,,,TORAX：JAX 可微分托卡马克核心输运模拟器,2024,Google DeepMind、Commonwealth Fusion Systems 合作团队,脉冲设计、参数反演和控制优化需要既快速又可微、且能插拔物理模型和学习代理的核心输运求解器。,以 JAX 实现有限体积时间推进，耦合电子/离子热、粒子和电流扩散；通过 JIT、自动微分与模块化接口接入经验模型或 ML 输运代理。,ITER-like 与 SPARC 设计场景；与 RAPTOR 做数值验证 | SPARC 尚未运行，因此不存在 SPARC 实验验证,E1,论文报告与 RAPTOR 基准场景的一致性及 JAX 加速/可微能力；DeepMind 官方材料称 CFS 已将其用于日常 SPARC 虚拟实验与大规模参数研究，但这属于设计工作流应用。,TORAX: A Fast and Differentiable Tokamak Transport Simulator in JAX,https://arxiv.org/abs/2406.06718,,torax,https://github.com/google-deepmind/torax,official-direct,,,仓库提供 ITER/SPARC 等示例配置；真实 SPARC 实验数据尚不存在，其他装置数据同化需用户自行接入。,活跃开源的设计/研究模拟器，已进入工业设计流程；尚不是经实验全面确认的全装置孪生。,当前核心是 1D 径向输运；边缘、MHD、三维效应、工程系统和诊断同化需要外部耦合，数值验证不能替代实验确认。,TORAX | JAX | 可微分模拟 | SPARC | ITER | 核心输运
PHY-06,PHY-06,,physics,physics,,,MMMnet：多模异常输运模块神经网络代理,2021,Lehigh University 等,Multi-Mode Model 的异常扩散系数计算在控制导向输运仿真中仍过慢。,用降维与神经网络近似 MMM，对离子/电子热扩散及环向动量扩散等输出进行快速回归，并嵌入控制导向模拟环境。,DIII-D：基于装置场景的 MMM/COTSIM 训练与验证,E1,论文展示对 MMM 输出的良好离线拟合，并将单次计算降到适合快速输运模拟的量级；没有报告在 DIII-D 上由该模型直接闭环控制。,Neural network model of the multi-mode anomalous transport module for accelerated transport simulations,https://doi.org/10.1088/1741-4326/ac207e,,MMMnet 实现与权重,,not-public,,,DIII-D 场景与 MMM 合成训练集未公开为可直接复现的数据集。,控制导向离线模型原型。,装置/参数域依赖明显，输出物理范围有限；继承 MMM 系统误差，缺少在线漂移监测和安全退化策略。,MMM | DIII-D | 输运代理 | COTSIM | 扩散系数
eng-cfetr-cool-firstwall-surrogate,eng-cfetr-cool-firstwall-surrogate,,engineering,engineering,,,CFETR COOL 包层第一壁热—结构代理与 NSGA-II 优化,2026,"Institute of Plasma Physics, Chinese Academy of Sciences；University of Science and Technology of China",CFETR 超临界 CO₂ 冷却铅锂（COOL）包层第一壁同时承受高热流和结构约束，直接在大设计空间反复求解热—结构模型代价高。,结合热平衡、经验关联式和一维/二维混合导热模型构造参数化代理，并用 NSGA-II 搜索温度、压降与结构约束之间的 Pareto 解。,CFETR COOL blanket 第一壁概念设计,E1,论文针对 CFETR COOL 第一壁开展代理与多目标优化，属于概念设计模型验证；未发现与第一壁原型热流试验或传感器数据的闭环验证。,A surrogate-based thermo-mechanical optimization framework using NSGA-II for the first wall of CFETR COOL blanket,https://doi.org/10.1088/1741-4326/ae8607,,CFETR COOL 第一壁代理与 NSGA-II 实现,,not-public,,,混合解析/低维模型生成数据；未发现公开数据集。,聚变包层概念设计优化的论文级原型。,模型维度和关联式决定适用范围；复杂三维接头、制造偏差、循环疲劳、辐照材料演化及试验外推尚未验证。,CFETR | COOL blanket | 第一壁 | 热结构 | NSGA-II | sCO2
eng-hammerhead-cooling-ml-cfd,eng-hammerhead-cooling-ml-cfd,,engineering,engineering,,,Hammerhead：面向聚变冷却管路的开源 ML–CFD 热工水力优化环境,2026,Swansea University；Diamond Light Source；UKAEA,托卡马克冷却系统的形状参数化需要大量共轭传热 CFD，热性能和压降之间又存在多目标权衡，直接优化成本过高。,Python 自动驱动 OpenFOAM 生成高保真数据库，使用 POD 降维以及 RBF、神经网络或高斯过程代理，执行管内粗糙度/流动参数搜索与多模型比较。,聚变反应堆冷却管路代表性二维/轴对称内流算例 | 尚未在具体托卡马克水冷系统或实物回路上验证,E1,论文展示 600 个 OpenFOAM 算例、训练/验证误差比较与高保真回算；单次高保真约 2–6 小时，代理推理远低于 1 秒。验证基于数值模型而非试验传感器。,Integrated environment for machine learning-aided heat transfer optimisation in internal flows: hammerhead software | Computational Heat Transfer Optimisation in Nuclear Fusion Reactors Using Data-Driven Machine Learning,https://doi.org/10.1088/2632-2153/ae3053 | https://doi.org/10.23889/SUThesis.71082, | ,Hammerhead | OpenFOAM,https://github.com/Dani-Darko/Hammerhead | https://develop.openfoam.com/Development/openfoam,official-direct | official-enabling, | , | ,论文称验证/用例数据可向作者申请；仓库可生成数据，但没有确认公开完整 600 算例数据包。,可运行开源研究软件，完成数值 V&V 与可复现工作流；距离真实聚变部件数字孪生仍缺试验同化与长期运行验证。,当前几何和流态较简化；未覆盖辐照、MHD、沸腾、材料退化、泵阀动态及闭环传感器校准；GP 的规模复杂度明显。,热工水力 | 冷却系统 | OpenFOAM | POD | 神经网络 | 高斯过程 | 开源
eng-eudemo-magnet-made-ann,eng-eudemo-magnet-made-ann,,engineering,engineering,,,EU-DEMO 中心螺线管预设计的 MADE 数据与神经网络代理,2025,University of Padova；EU-DEMO 磁体设计研究团队,EU-DEMO 超导磁体预定尺寸需要反复扫描满足电磁—机械约束的庞大设计空间，传统 MADE 扫描难以支持快速正向、逆向和跨学科迭代。,以 MAgnet Design Explorer Algorithm（MADE）生成的可行设计点云训练人工神经网络，可从输入预测磁体布局/性能，也可反求达到目标输出的输入组合。,EU-DEMO 中心螺线管模块（论文直接应用） | EU-DEMO TF/PF 线圈（作者提出的扩展对象，尚非本文验证）,E1,论文在 EU-DEMO 中心螺线管预设计数据集上展示代理用于筛选最优可行配置；证据属于聚变概念设计数据验证，并非制造磁体或运行装置实测验证。,Machine Learning-Based Surrogate Modeling for Enhancing the Magnet Design of Future Tokamaks,https://doi.org/10.1109/TASC.2025.3550890,,MADE + ANN 对应实现,,not-public,,,MADE 生成的 EU-DEMO 可行设计点云；未发现公开数据集。,面向聚变磁体概念设计的论文级原型；已覆盖中心螺线管预设计，尚未形成经实物试验闭环验证的工程数字孪生。,训练分布由特定 MADE 模型和约束定义；对材料退化、制造公差、局部三维应力与失超工况的泛化未证明；没有公开代码和数据。,电磁 | 超导磁体 | 结构约束 | ANN | 逆设计 | EU-DEMO
eng-pinn-neutronics-heating-temperature,eng-pinn-neutronics-heating-temperature,,engineering,engineering,,,中子体积加热驱动真空室温度场的物理信息神经网络代理,2025,University of Manchester,聚变真空室与包层设计需要把中子学体积热源传递到热分析，但大规模设计空间下耦合求解成本高。,以物理信息神经网络直接求解/近似中子加热条件下真空室壁温度场，将热方程约束纳入训练损失。,参数化聚变真空室壁算例 | 面向未来聚变电厂包层/真空室，未声明运行托卡马克实测验证,E1,论文报告温度场 L2 相对误差 0.0093；验证为数值参考解对比，不能等同于中子辐照部件实验验证。,Simulating neutronics heating using physics-informed neural networks to resolve the temperature field,https://doi.org/10.1016/j.fusengdes.2025.115182,,论文 PINN 实现,,not-public,,,数值生成温度场；未发现公开数据集。,聚变几何上的 PINN 数值概念验证。,温度依赖材料、接触热阻、复杂冷却边界、辐照演化和高维几何泛化未充分证明；PINN 误差界和失效检测仍需工程化。,中子加热 | 温度场 | PINN | 真空室 | 多物理耦合
eng-remote-handling-fmu-surrogates,eng-remote-handling-fmu-surrogates,,engineering,engineering,,,核/聚变遥操作机器人的 ML 代理 FMU 组件库方法,2025,VTT Technical Research Centre of Finland,聚变远程维护机器人结构部件的 FEA 计算太慢且工具异构，难以嵌入系统级设计、预测控制与状态监测。,用 FEA 生成数据，训练多类机器学习代理，再封装为参数化 Functional Mock-up Units（FMU），在 Simulink 等平台进行跨工具组合。,核工业/聚变遥操作测试台的转动关节与执行器代表部件 | 面向未来聚变反应堆远程维护机器人；未在 ITER 在役维护任务验证,E1,论文比较 FMU 对关节/执行器模型的时序输出并验证系统级调用，属于核工业相邻测试台与仿真证据；尚无真实聚变堆辐照环境和任务数据。,Advancing remote handling capabilities in the nuclear industry with AI-based surrogate models for robotic technologies,https://doi.org/10.1016/j.fusengdes.2025.115286,,论文 FMU 与训练实现,,not-public,,,FEA 生成的部件数据与测试台数据未公开。,核工业遥操作部件的论文级 FMU 原型；对聚变远程维护属于近邻验证。,缺少辐射、真空、温漂、线缆柔性、接触/间隙和故障退化的聚变工况验证；不确定度量化仍被作者列为后续工作。,遥操作 | 机器人 | FMU | FMI | FEA | 代理模型
eng-liquid-metal-blanket-mhd-surrogates,eng-liquid-metal-blanket-mhd-surrogates,,engineering,engineering,,,液态金属聚变包层 MHD 流动的稀疏网格、PCE 与高斯过程代理,2025,"University of California, Los Angeles 等液态金属包层研究团队",强磁场下液态金属包层的 MHD 流动高保真计算昂贵，限制参数扫描、不确定性量化与设计优化。,以矩形导管解析 MHD 解生成训练样本，对比稀疏网格插值、稀疏多项式展开与高斯过程三类代理；扫描 Hartmann 数和壁面电导比。,液态金属增殖包层的典型矩形导管算例 | 未绑定特定在役托卡马克；面向未来 DCLL/WCLL 类包层迁移,E1,固定方形域中，200–600 个训练样本对解析参考解的相对误差低于 0.1%；验证对象仍是简化导管而非全尺寸包层或实验回路。,Surrogate modeling for MHD flows in liquid metal fusion blankets: Initial assessment with analytical solutions,https://doi.org/10.1016/j.fusengdes.2025.115057,,论文对应代理与训练脚本,,not-public,,,由解析 MHD 解生成的参数样本；未发现独立公开数据集。,聚变相关基准算例上的方法验证。,未覆盖真实包层三维几何、入口效应、湍流、温度依赖物性、自由表面、压降耦合和实验误差；不能直接替代包层资格鉴定。,MHD | 液态金属包层 | 高斯过程 | 多项式混沌 | 不确定性量化
eng-chimera-component-digital-twin,eng-chimera-component-digital-twin,,engineering,engineering,,,CHIMERA 聚变部件多物理虚拟试验与数字孪生,2023,UK Atomic Energy Authority,聚变包层/第一壁部件无法在单一设施中完整复现热、磁、流体和机械载荷，且高保真全系统模型无法实时运行。,从流体、热、电磁和结构 FEA 训练快速降阶/代理模型，在 Ansys Twin Builder 中耦合；规划以 CHIMERA 的热电偶、应变计、载荷与电流等仪表更新模型。,UKAEA CHIMERA Combined Heating and Magnetic Research Apparatus | CHIMERA commissioning sample under test（CSUT）/第一壁板条样件 | ITER TBM 尺度部件的半积分测试场景,E1,论文报告代理与高阶模型的性能核对和虚拟诊断；CHIMERA 当时仍在建设，真正的设备在线同步与寿命预测尚属后续目标。,Towards a fusion component digital twin – virtual test and monitoring of components in CHIMERA by systems simulation | CHIMERA Fusion Technology Facility: Testing and Virtual Qualification,https://doi.org/10.1016/j.fusengdes.2023.113773 | https://doi.org/10.1080/15361055.2022.2147766, | ,CHIMERA 代理与 Twin Builder 集成模型 | Ansys Twin Builder, | https://www.ansys.com/products/digital-twin/ansys-twin-builder,not-public | commercial-enabling, | commercial-software, | proprietary,CHIMERA 试验数据计划用于后续验证；论文数据声明为可申请，未公开完整传感器数据集。,聚变专用试验设施驱动的数字孪生路线与预调试模型；物理试验闭环尚在建设/验证阶段。,半积分设施不能复现中子体积热源、辐照损伤和等离子体—材料相互作用；闭源工程模型削弱外部复现；在线 UQ 与寿命模型尚未完成。,CHIMERA | 多物理 | ROM | 虚拟试验 | 传感器同化 | Twin Builder
eng-tbr-fast-regression,eng-tbr-fast-regression,,engineering,engineering,,,聚变堆氚增殖比 Monte Carlo 模型的快速回归代理,2023,University College London；UK Atomic Energy Authority,氚增殖比（TBR）对包层材料与几何高度敏感，而 Monte Carlo 中子学评估太慢，难以嵌入系统级优化和自适应采样。,比较 9 类回归代理与降维方法，并提出 Quality-Adaptive Surrogate Sampling；最快的人工神经网络近似 UKAEA 的 Monte Carlo TBR 模型。,UKAEA 聚变反应堆参数化包层/径向构建模型 | 面向 D-T 聚变电厂概念设计，未绑定运行装置,E1,最优 ANN 报告 R²=0.985、平均推理时间 0.898 微秒，相对原 Monte Carlo 模型约 8×10^6 加速；自适应采样只在玩具 TBR 理论上作初步测试。,Fast regression of the tritium breeding ratio in fusion reactors,https://doi.org/10.1088/2632-2153/acb2b3,,论文对应训练与 QASS 实现,,not-public,,,UKAEA Monte Carlo TBR 参数样本；未发现公开下载。,聚变堆中子学设计代理的论文级验证；适合快速筛选，不是安全分析替代物。,依赖特定参数化几何与材料空间；R² 不能揭示局部极值和边界外误差；尚无独立代码、数据和高保真跨概念外推验证。,中子学 | TBR | ANN | Monte Carlo | 自适应采样
CTL-07,CTL-07,,control,control,,,HL-3 高保真数据驱动动力学模型与强化学习磁控制,2025,核工业西南物理研究院/HL-3 合作团队,低层磁控制需要长时域、毫秒级且足够准确的交互环境，纯第一性原理模拟过慢，普通 LSTM 又在长滚动中漂移。,以 EFITNN 压缩平衡状态，用 scheduled sampling、自注意力和集合 LSTM 学习动力学，再以 PPO 输出 17 路线圈电压并接入 HL-3 PCS。,HL-3：历史放电训练与真实装置控制实验,E4,论文报告 400 ms 轨迹预测、1 kHz/17 线圈控制；相对标准 LSTM 多项 MAE 至少降低 58.8%，PPO 在 RTX 4090 上约 22 分钟完成 25 万次训练，并在 PCS/装置实验中验证包括未见三角度目标的控制。,High-fidelity data-driven dynamics model for reinforcement learning-based control in HL-3 tokamak,https://www.nature.com/articles/s42005-025-02302-y,,EFITNN、动力学集合、PPO 策略与 PCS 接口,,not-public,,,论文补充资料含部分源数据；完整 HL-3 历史放电与控制日志未公开。,真实装置闭环磁控制研究示范。,数据驱动模拟器偏差、长期 OOD 和故障输入仍可能放大；无跨装置映射、形式化安全证明和可公开复现实验环境。,HL-3 | 强化学习 | PPO | LSTM | EFITNN | 磁控制
CTL-08,CTL-08,,control,control,,,PACMAN：DIII-D 集成 AI 实时控制架构,2025,General Atomics、Princeton/PPPL、Columbia 等 DIII-D 团队,多个 AI 预测器、控制器和诊断预处理链各自为政，缺少可在同一 PCS 中组合、监视和快速实验的运行架构。,构建模块化 PACMAN 实时运行时，将状态估计、学习模型、控制逻辑、执行器接口和健康检查组合，支持多类 AI 控制实验。,DIII-D：非感应电流 RL、宽 pedestal/QH-mode ELM 预测、Alfvén 本征模控制、剖面 MPC、撕裂预测控制等,E4,预印本汇总多个已在 DIII-D 放电中运行的 AI 控制用例，证明框架具备实验集成能力；其长期可用性、故障隔离和独立复现仍未被公开基准覆盖。,Enabling Integrated AI Control on DIII-D: A Control System Design with State-of-the-art Experiments,https://arxiv.org/abs/2511.08818,,PACMAN runtime 与装置配置 | keras2c, | https://github.com/PlasmaControl/keras2c,not-public | official-enabling, | , | ,各用例使用 DIII-D 设施数据，未形成统一公开训练/回放包。,装置级集成实验平台；仍处于快速迭代研究阶段。,机器特定 PCS/硬件依赖强；缺少公开接口规范、端到端时序证明、网络安全/安全完整性等级和独立复现。,DIII-D | PACMAN | 集成控制 | 实时 AI | PCS | 多模型编排
CTL-06,CTL-06,,control,control,,,DIII-D 概率机器学习与贝叶斯优化安全 ramp-down,2024,General Atomics、Carnegie Mellon University 等,安全降电流轨迹存在高维且实验代价昂贵的设计空间，需要在有限放电数中学习更安全的操作。,用概率代理表达轨迹参数到风险/性能的映射，以贝叶斯优化和获取函数在放电之间选择下一次实验，实现有约束的主动实验设计。,DIII-D：2022 年 ramp-down 实验,E4,Nuclear Fusion 论文报告自动设计的实验能在比典型轨迹更低的电流与储能下保持控制，并在实验轮次中持续改进；它是 shot-to-shot 优化，不是毫秒级在线反馈。,Automated experimental design of safe rampdowns via probabilistic machine learning,https://doi.org/10.1088/1741-4326/ad22f5,,ramp-down 概率模型与贝叶斯优化实验代码,,not-public,,,实验数据属于 DIII-D 用户设施；论文图表/补充数据不足以重建全部优化循环。,真实装置的实验间主动优化示范。,目标函数和安全边界装置特定；不能处理单次放电内的快速扰动，且概率校准仅在已探索域有效。,DIII-D | ramp-down | 贝叶斯优化 | 主动实验 | 概率模型
CTL-02,CTL-02,,control,control,,,DIII-D 深度强化学习主动规避撕裂模,2024,Princeton、PPPL、General Atomics、Columbia、Seoul National University 等,高性能场景中的撕裂不稳定性一旦形成便难以补救，需要在保持约束和 H 模性能的同时提前规避。,将实时动力学状态重建、数据驱动的撕裂概率预测与深度强化学习策略串联，调节加热、转矩和形状/电流相关执行量，走在不稳定边界之前。,DIII-D：低 q、低转矩和 ITER baseline-like 场景,E4,装置实验中策略将撕裂风险维持在设定阈值以下，能跟踪时变稳定路径并保持 H 模；这是针对特定不稳定性和运行域的闭环证据，不是一般破裂免疫。,Avoiding fusion plasma tearing instability with deep reinforcement learning,https://www.nature.com/articles/s41586-024-07024-9,,撕裂预测器、RL 策略和 DIII-D 实时集成代码,,not-public,,,DIII-D 放电数据受用户设施访问规则约束；论文源数据不等于完整训练集。,真实装置闭环、针对性较强的研究示范。,适用范围受训练场景、诊断质量和撕裂标签定义约束；尚缺跨机迁移、可证明安全、策略退化与审计接口。,DIII-D | 强化学习 | 撕裂模 | 稳定性控制 | 风险预测
CTL-03,CTL-03,,control,control,,,DIII-D/KSTAR 机器学习辅助自适应 RMP 无 ELM 控制,2024,PPPL、General Atomics、Korea Institute of Fusion Energy 等,谐振磁扰动可抑制 ELM，但固定线圈设置常以约束性能为代价，需要随等离子体状态自适应优化。,以机器学习辅助探索/优化三维场配置，并在实验中实时调整 RMP，实现边界爆发抑制与高性能约束间的折中。,DIII-D | KSTAR,E4,Nature Communications 报告两台装置均实现无有害边界能量爆发且保持反应堆相关的高约束性能，并以多机结果支持方法的物理可迁移性；并不意味着控制器可直接跨机复用。,Highest fusion performance without harmful edge energy bursts in tokamak,https://www.nature.com/articles/s41467-024-48415-w,,自适应 RMP 控制与 ML 优化代码,,not-public,,,DIII-D/KSTAR 原始控制与诊断数据未作为统一公开数据集发布。,双装置实验验证；面向高性能边界控制的先进研究系统。,线圈几何、等离子体响应、诊断和安全限制需逐装置标定；对其他 ELM 类型、长脉冲和故障工况的覆盖有限。,DIII-D | KSTAR | RMP | ELM | 自适应控制 | 边界稳定性
CTL-05,CTL-05,,control,control,,,DIII-D 数据驱动剖面预测与有限动作集 MPC 实时基础设施,2023,Columbia University、General Atomics、PlasmaControl 等,离线训练的高维剖面动力学模型难以可靠地接入装置 PCS，并在硬实时约束下转化为可审计控制动作。,用约 3500 个 DIII-D 放电、约 15 万样本训练 200 ms 预测的神经网络，再以有限候选 NBI 功率动作进行 MPC，同时通过 Keras2C 部署到实时 PCS。,DIII-D：压力与电子温度剖面控制；实验 checkout 包括放电 187076,E4,论文记录模型进入 DIII-D PCS 并实施压力/温度双目标实时控制；实验也暴露 MSE/rtEFIT 等诊断中断会破坏控制输入，成为需要健康管理与回退的直接证据。,A general infrastructure for data-driven control design and implementation in tokamaks,https://doi.org/10.1017/S0022377822001040,,plasma-profile-predictor | keras2c,https://github.com/PlasmaControl/plasma-profile-predictor | https://github.com/PlasmaControl/keras2c,official-direct | official-enabling, | , | ,仓库提供处理流程与放电标识；原始 DIII-D 数据需设施授权。,已在真实 PCS 中试验的研究级实时控制基础设施。,候选动作有限，训练域依赖强；多目标冲突、输入诊断掉线、OOD 状态与回退控制仍是工程瓶颈。,DIII-D | MPC | 剖面控制 | PCS | Keras2C | NBI
CTL-01,CTL-01,,control,control,,,TCV DeepMind 深度强化学习磁控制,2022,Google DeepMind、EPFL Swiss Plasma Center,传统磁控制需要针对不同等离子体形状逐项建模和调参，难以用统一控制器处理多线圈、多目标和新形状。,在校准的 TCV 模拟器中以非对称 actor–critic 和域随机化训练策略，直接以 19 个线圈电压为动作，并以 10 kHz 在装置上零样本迁移。,TCV：伸长、负三角度、snowflake、双液滴等多种目标形状 | 未验证于 DIII-D、JET 或反应堆磁体系统,E4,Nature 论文报告全控制窗内等离子体电流 RMSE 约 0.62 kA（0.47%）、形状 RMSE 约 0.75 cm（2.9%），并维持约 200 ms 双液滴；策略以 10 kHz 实时运行。论文明确不保证避开破裂。,Magnetic control of tokamak plasmas through deep reinforcement learning,https://www.nature.com/articles/s41586-021-04301-9,,TCV 训练环境、策略权重与装置接口 | Acme, | https://github.com/google-deepmind/acme,not-public | official-enabling, | , | ,论文源数据有限公开；完整 TCV 训练模拟器和放电控制日志非公开一键数据集。,真实装置闭环示范，科学成熟度高；工程安全认证和跨装置泛化仍不足。,模拟器偏差、动作/传感器映射和线圈约束高度装置特定；未覆盖破裂保护、硬实时故障模式、形式化安全或全脉冲自治。,TCV | 强化学习 | 磁控制 | sim-to-real | 等离子体形状 | 实时控制
CTL-04,CTL-04,,control,control,,,TCV predict-first 神经状态空间模型与鲁棒 ramp-down 轨迹学习,2025,MIT PSFC、EPFL/TCV 等,高性能等离子体降电流阶段容易触碰约束和失稳边界，而昂贵实验只允许少量试错。,从历史放电学习神经状态空间模型，用模型集合表达动力学不确定性，再以强化学习搜索对模型误差鲁棒的降电流轨迹，先预测后实验。,TCV：311 个脉冲的数据集，其中仅少量为目标高性能状态,E2,论文报告预测优先实验在统计指标上优于基线，并实现相对基线约 20% 的初始等离子体电流提升后仍完成 ramp-down；属于有限范围的实验外推。,Learning plasma dynamics and robust rampdown trajectories with predict-first experiments at TCV,https://www.nature.com/articles/s41467-025-63917-x,,TCV 神经状态空间模型、策略和训练环境,,not-public,,,论文提供源数据/补充材料，但完整 311 脉冲处理数据与控制接口并非一键公共基准。,真实装置的预测优先场景优化示范。,高性能样本很少，适用边界和不确定性覆盖有限；轨迹级成功不等同于全状态在线反馈与安全认证。,TCV | ramp-down | 神经状态空间模型 | 鲁棒强化学习 | predict-first
aux-west-realtime-thermal-ai-pcs,aux-west-realtime-thermal-ai-pcs,,diagnostics,diagnostics,control | auxiliary,,WEST 红外壁监视 AI：从热事件识别到加热系统闭环指令,2025,CEA Institute for Magnetic Fusion Research (IRFM),长脉冲 WEST 的红外视频量巨大，偏滤器/第一壁热点、电弧和反射难以由操作员实时区分，延迟可能造成 PFC 或天线损伤。,在 Wall Monitoring System 配置 NVIDIA A40 GPU，将热事件检测/跟踪、钨偏滤器 strike-line characterization 和紧凑 CNN 电弧检测组合为模块化实时流水线，并与 Plasma Control System/加热天线接口。,WEST tokamak C9 campaign | WEST tungsten divertor and in-vessel components | WEST heating antennae | WEST Wall Monitoring System / PCS,E4,论文报告热事件/打击线算法以 30 fps、电弧 CNN 超过 100 fps 运行，在 WEST C9 大量红外视频上首次测试；并直接报告 AI 图像分析通过 PCS 向加热天线发送指令，是装置闭环实验级证据。,"Real-time monitoring system for detection and characterization of thermal events on WEST Tokamak: Implementation and first results | Deep learning-based process for the automatic detection, tracking, and classification of thermal events on the in-vessel components of fusion reactors",https://doi.org/10.1016/j.fusengdes.2025.114960 | https://doi.org/10.1016/j.fusengdes.2023.113636, | ,WEST WMS thermal-event AI and PCS integration,,not-public,,,论文明确声明作者无权共享 WEST 红外数据；专家标注库和本地事件数据库不公开。,真实长脉冲托卡马克上的实时部署与有限闭环动作示范，是聚变工程 AI 中少见的 E4 工作。,尚非核安全级机器保护；误报受发射率、反射、相机漂移和新型热事件影响；需要独立冗余、失效安全逻辑、跨 campaign 再验证与严格变更控制。,WEST | infrared | PFC | thermal event | Faster R-CNN | CNN | real-time | closed-loop
aux-east-intellimik-quench,aux-east-intellimik-quench,,diagnostics,diagnostics,control | auxiliary,,IntelliMIK：EAST 超导磁体神经网络感应电压补偿与失超检测,2025,"Hefei Institutes of Physical Science, Chinese Academy of Sciences；University of Science and Technology of China",CS/PF 电流、等离子体和真空室涡流耦合产生 kV 级感应电压，传统 CWW+MIK 补偿后峰值噪声仍可能越过 500 mV/1 s 失超阈值并误判，HTS 的更低阈值使问题加剧。,用历史 EAST 信号训练神经网络替代二级 Inductive Noise Realtime Calculation，保留 co-wound wire 一级补偿，实时估计并消除非线性感应电压，提取电阻性 quench voltage。,EAST superconducting TF/CS/PF magnet quench-detection system | 中国下一代聚变装置 HTS CS magnets（会议提出的迁移目标）,E3,论文报告 IntelliMIK 已在 EAST 最近 2000 炮（141001–143000）中在线运行，并显著降低感应电压补偿后的噪声；但 EAST 尚未发生真实磁体失超，阳性检出仅通过向历史信号人工注入模拟失超电压进行验证。因此 E3 只表示在线感应电压补偿已部署，不代表真实失超 true-positive 或自动安全卸能已验证。,IntelliMIK: a novel intelligent quench detection method for fusion devices,https://doi.org/10.1088/1741-4326/adb0dd,,IntelliMIK,,not-public,,,EAST 历史训练数据与 2000 炮运行评估数据未公开。,真实超导托卡马克上经 2000 炮运行考核的在线感应电压补偿功能；真实失超检出仍处于合成信号验证阶段。,EAST 没有真实失超阳性样本，当前 true-positive 证据来自人工注入的模拟失超电压；公开证据不足以认定安全完整性等级或自动卸能闭环，跨磁体、HTS 工况、漂移监视与 fail-safe 回退仍需证明。,EAST | superconducting magnet | quench | IntelliMIK | neural network | induced voltage | real-time
DIA-07,DIA-07,,diagnostics,diagnostics,,,RTCAKENN：DIII-D 实时动力学剖面重建,2024,General Atomics、Princeton/PPPL 等,高质量 CAKE 动力学重建依赖离线多诊断分析且延迟高，实时控制需要快速、能容忍部分诊断缺失的剖面。,用 MLP/一维 CNN 的编码—解码结构学习七类 CAKE 剖面，并在训练时模拟输入 dropout，使其在不直接使用实时 Thomson/CER 输入时仍能估计动力学状态。,DIII-D：实时 Plasma Control System,E3,Nuclear Fusion 论文报告模型已接入 DIII-D PCS，推理低于 8 ms；相对既有实时替代方案更接近 CAKE 输出，并测试了部分输入丢失。,Machine learning-based real-time kinetic profile reconstruction in DIII-D,https://doi.org/10.1088/1741-4326/ad142f,,RTCAKENN 模型、权重和训练管线 | keras2c, | https://github.com/PlasmaControl/keras2c,not-public | official-enabling, | , | ,完整 DIII-D/CAKE 标签和实时诊断数据未公开。,已在装置 PCS 中运行的实时状态估计器。,继承 CAKE 教师偏差；合成 dropout 不能覆盖全部共因故障，且剖面可信度、OOD 检测和跨机迁移仍不足。,DIII-D | CAKE | 剖面重建 | 实时诊断 | PCS | 输入缺失
aux-diiid-realtime-magnetic-sensor-ae,aux-diiid-realtime-magnetic-sensor-ae,,diagnostics,diagnostics,auxiliary | control,,DIII-D 等离子体控制系统中的实时磁传感器自编码器异常检测,2022,DIII-D National Fusion Facility；General Atomics,磁通环和磁探针故障会污染平衡重建与等离子体位置/形状控制，必须在控制周期内识别异常传感器。,训练 autoencoder 学习磁诊断信号正常相关结构，以重构残差检测/定位异常，并将推理实现到 DIII-D Plasma Control System。,DIII-D tokamak | DIII-D magnetic flux loops and magnetic probes | DIII-D Plasma Control System,E3,论文标题、摘要和 DOE/OSTI 记录直接说明系统在 DIII-D PCS 上实时实现；证据支持在线监视部署，但未证明算法自动重构控制输入或闭环容错动作。,Real-Time Magnetic Sensor Anomaly Detection Using Autoencoder Neural Networks on the DIII-D Tokamak,https://doi.org/10.1109/TPS.2022.3181548,,DIII-D PCS autoencoder anomaly detector,,not-public,,,DIII-D 磁诊断脉冲与注入/观测异常数据未作为公开数据集发布。,已进入真实托卡马克实时控制软件栈的工程监视功能。,论文证据不等于 safety-certified fault-tolerant control；跨 campaign、传感器更换、等离子体场景漂移与多故障同时发生的稳健性仍需持续监控。,DIII-D | magnetic diagnostics | sensor fault | autoencoder | real-time | PCS
DIA-11,DIA-11,,diagnostics,diagnostics,,,FusionMAE：HL-3 多诊断自监督预训练基础模型,2026,核工业西南物理研究院、HL-3、清华/SUNIST-2 等合作团队,聚变诊断多、采样异构、缺测普遍，针对每一任务单独训练模型造成接口碎片化，缺少可复用的等离子体状态表征。,以 Transformer masked autoencoder 在 88 路、12 类诊断的同步时间片上进行随机通道/系统掩码重建，形成 256 维潜在状态，再适配破裂预测、EFIT-NN、信号修复和等离子体演化等下游任务。,HL-3：2022–2025 年 2445 个放电，1950 个开发、495 个测试 | SUNIST-2：补充跨装置/小装置验证,E2,Communications Physics 报告无掩码平均 Pearson 相关约 98.7%，逐通道掩码约 97.2%，逐诊断系统掩码约 95.3%；14M 参数模型在 A100 上约 10 小时训练、约 4.8 ms 推理，并展示多项下游任务。所有证据主要为装置历史数据离线评估。,"FusionMAE, a self-supervised pretrained model to optimize and simplify diagnostic and control of fusion plasma",https://www.nature.com/articles/s42005-026-02626-3,,FusionMAE 代码、权重与预训练管线,,not-public,,,图表/补充数据公开；完整 HL-3 训练数据需按 Southwestern Institute of Physics 流程正式申请。,装置离线大规模预训练与多任务验证；尚无公开实时控制部署。,跨装置泛化仍有限；长于约 10 ms 的时间动力学建模会退化，重建相关性不保证因果/物理正确，缺少校准不确定度和在线版本治理。,HL-3 | SUNIST-2 | 基础模型 | masked autoencoder | 多模态诊断 | 自监督学习
DIA-12,DIA-12,,diagnostics,diagnostics,,,Diag2Diag：DIII-D 多模态超分辨率合成 Thomson 诊断,2025,Princeton/PPPL、General Atomics、PlasmaControl 等,Thomson scattering 空间信息丰富但采样慢，而 ECE、干涉仪、磁诊断等快速信号空间/物理信息不完整；需要生成高频合成剖面以研究 ELM、RMP 和磁岛动力学。,先以 CNN 学习 ECE 到干涉仪谱图，再以 MLP 将 ECE、干涉仪、磁诊断、CER、MSE 等 236 个输入映射为 80 个 Thomson 输出；训练集覆盖约 4000 个 DIII-D 放电和 340 万时间点。,DIII-D：2017–2022 年多诊断数据；包括 ELM、RMP 和磁岛相关实验,E2,Nature Communications 报告谱图 L1 误差约 1.2×10^-3、自动编码器事件检测 F1 约 0.82，并用实际低频 Thomson、burst-mode 数据、前向物理关系和已知 ELM/RMP/磁岛行为交叉验证。论文明确指出没有 MHz Thomson 真值，合成诊断不能被理解为与真实诊断逐点完全等价。,Multimodal super-resolution: discovering hidden physics and its application to fusion plasmas,https://www.nature.com/articles/s41467-025-63492-1,,Diag2Diag-SRTS,https://github.com/PlasmaControl/Diag2Diag-SRTS,official-direct,,,代码和 shot list 公开；DIII-D 原始诊断数据仍需设施用户权限，论文 figure data 不等于完整训练集。,大规模装置离线验证、代码公开的合成诊断研究；尚非安全关键实时测量替代品。,不存在 MHz Thomson ground truth；相关性可在 OOD、传感器漂移或新运行场景下失效，必须以物理一致性和真实诊断抽样持续校准。,DIII-D | Diag2Diag | 合成诊断 | Thomson scattering | 超分辨率 | 多模态
DIA-08,DIA-08,,diagnostics,diagnostics,,,EFIT-Prime：DIII-D 物理约束深度集合平衡重建与不确定度,2024,Argonne National Laboratory、DIII-D/General Atomics 等,纯数据驱动平衡网络可能违反 Grad–Shafranov 约束且在新形状上不可靠，传统 EFIT 又难以满足更高频的重建需求。,以神经架构搜索得到深度集合，在监督损失中加入 Grad–Shafranov 电流/平滑与诊断位置约束，并用集合分散表达认知不确定度。,DIII-D：训练集中排除负三角度，再以负三角度放电测试外推,E2,论文报告模型可重建未参与训练的负三角度形状；深度集合一次推理约 15 ms，并展示误差与集合不确定度的关系，作者表述为经优化后具备实时潜力，而非已在 PCS 取代 EFIT。,EFIT-Prime: Probabilistic and Physics-Constrained Reduced-Order Neural Network Model for Equilibrium Reconstruction in DIII-D,https://doi.org/10.1063/5.0213609,,EFIT-Prime 训练代码、权重与 DIII-D 数据,,not-public,,,DIII-D 磁诊断与 EFIT 标签未公开为完整训练集。,离线高质量原型，接近实时预算但尚无公开在线部署证据。,仍受 EFIT 标签和 DIII-D 传感器布局约束；15 ms 集合计算、置信度校准、磁诊断共模故障和跨装置泛化需继续验证。,DIII-D | EFIT-Prime | 平衡重建 | 物理约束 | 深度集合 | 不确定度
DIA-10,DIA-10,,diagnostics,diagnostics,,,EAST 84 路磁诊断到二维磁通的深度平衡重建,2023,中国科学院合肥物质科学研究院/EAST 团队,EAST 的 EFIT 平衡重建难以在高频控制周期内输出完整二维磁通，且网络结构/超参数的手工选择影响泛化。,以 84 路磁诊断为输入、129×129（16641）个磁通网格值为输出，采用自动超参数搜索构建深度回归网络，并以 EFIT 重建作为监督标签。,EAST：MDSplus 历史放电，独立 4555 个平衡切片及 3 个未见完整放电测试,E2,论文报告 4555 个测试平衡中大多数相关系数超过 0.998；3 个未见完整放电的相对磁通误差通常小于 2%，X 点和 ramp 阶段差异更明显。结果证明离线快速重建，不等同于已在 EAST PCS 在线使用。,Fast reconstruction of EAST plasma equilibrium using deep learning,https://doi.org/10.1063/5.0152318,,EAST equilibrium deep network,,not-public,,,训练数据存储于 EAST MDSplus；论文未提供完整公开下载。,离线装置数据验证的快速重建原型。,完全继承 EFIT 标签；仅用磁输入，X 点/ramp 阶段误差较大，缺少不确定度、故障输入和在线时序/延迟验证。,EAST | 平衡重建 | 磁通 | EFIT | 超参数搜索 | MDSplus
DIA-09,DIA-09,,diagnostics,diagnostics,,,GS-DeepNet：KSTAR 无监督物理约束平衡重建,2023,KAIST、Korea Institute of Fusion Energy/KSTAR 等,传统自由边界平衡重建需要迭代和人工选择磁测量，而监督网络又继承 EFIT 标签，难以同时获得实时性、物理一致性和不确定度。,Maxwell Net 从磁探针/磁通环和空间坐标生成磁通，Force-Balance Net 学习压力与极向电流自由函数；两者由 Grad–Shafranov 方程、Biot–Savart 响应和实测边界联合自监督，并用 MC dropout 估计不确定度。,KSTAR：31 个可用磁探针的 BR/BZ 分量、45 个磁通环及总等离子体电流；41×41 极向网格,E2,Scientific Reports 论文在 KSTAR 数据上训练、验证和测试；磁边界量与网络输出的 R² 接近 1，代表性压力剖面与 Thomson scattering 在误差范围内相符，并以 MSE 磁倾角等内部诊断作独立比较。论文报告 RTX A4000 上重建 41×41 磁通小于 1 ms；没有公开证据表明其已成为在线权威平衡。,GS-DeepNet: mastering tokamak plasma equilibria with deep neural networks and the Grad–Shafranov equation,https://www.nature.com/articles/s41598-023-42991-5,,GS-DeepNet 训练代码与权重,,not-public,,,KSTAR 原始磁诊断、Thomson/MSE 比较数据未发布为完整公开训练集。,装置离线数据上的物理约束研究模型，推理预算满足实时潜力。,轴对称、诊断布局和壁/线圈响应高度 KSTAR 特定；快离子压力不可得、MC dropout 校准和真实传感器故障下的在线稳定性仍需验证。,KSTAR | GS-DeepNet | Grad-Shafranov | 无监督学习 | 平衡重建 | 不确定度
DIA-02,DIA-02,,diagnostics,diagnostics,,,Hybrid Deep Learner：C-Mod/DIII-D/EAST 跨机破裂预测,2021,MIT PSFC、DIII-D、EAST 合作团队,新装置破裂样本稀少，单机监督模型往往无法迁移到不同诊断配置和运行分布。,组合时间卷积、循环单元和多尺度特征，配合标签平滑/迁移策略，在三台装置间共享破裂表示。,Alcator C-Mod | DIII-D | EAST,E2,论文报告 AUC 分别约为 C-Mod 0.801、DIII-D 0.947、EAST 0.973；仅用 20 个 EAST 破裂样本并结合其他装置数据时仍达到约 0.959 AUC，8 核 CPU 推理约 1 ms。,Hybrid deep-learning architecture for general disruption prediction across multiple tokamaks,https://doi.org/10.1088/1741-4326/abc664,,Hybrid Deep Learner 原论文模型 | disruption-py, | https://github.com/MIT-PSFC/disruption-py,not-public | official-enabling, | , | ,三装置数据库均受设施访问与信号许可约束，未形成论文级完全公开数据包。,多装置离线基准与实时可行性证明。,仍需目标机归一化和少量目标域样本；AUC 不直接给出特定报警提前量下的误报成本，尚无公开装置闭环部署。,C-Mod | DIII-D | EAST | 破裂预警 | 迁移学习 | 多尺度时序
DIA-03,DIA-03,,diagnostics,diagnostics,,,JT-60U 高 β 破裂似然的稀疏可解释识别,2021,QST/JT-60U 团队,需要从大量相关参数中提炼少数可解释变量，识别高 β 放电接近破裂边界的程度。,穷举/稀疏特征选择结合线性支持向量机，选出归一化 β、伸长率、离子温度及 q=2 附近磁剪切等关键参数，并构造幂律形式似然边界。,JT-60U：历史高 β 放电,E2,论文对 JT-60U 历史数据库进行回顾性训练/测试，得到可由少数物理参数解释的破裂似然；未报告 JT-60SA 或在线控制部署。,Likelihood Identification of High-Beta Disruption in JT-60U,https://doi.org/10.1585/pfr.16.1402073,,JT-60U 稀疏选择与 SVM 实现,,not-public,,,JT-60U 历史放电数据库未公开为可下载基准。,离线、可解释的装置特定风险指标。,只覆盖特定高 β 破裂族；历史装置与新装置分布不同，线性边界和相关性变量不能当作因果机理或通用保护规则。,JT-60U | 高β | 破裂预警 | SVM | 稀疏特征 | 可解释性
DIA-06,DIA-06,,diagnostics,diagnostics,,,ASDEX Upgrade 软 X 射线 Gaussian Process Tomography 模型选择,2020,ASDEX Upgrade、IPFN 等,Gaussian process tomography 的核/先验模型选择若逐帧计算 Bayesian evidence，成本高且妨碍快速 SXR 层析。,训练卷积网络从 SXR 投影判断最高证据的 GPT 模型，再执行对应重建，并用前向投影残差检查与测量的一致性。,ASDEX Upgrade：软 X 射线诊断,E2,论文将神经网络分类与解析 Bayesian evidence 选择对比，并通过将重建前向投影回测量空间评估模型；它加速的是候选先验选择，不是从物理上证明发射率真值。,Deep learning for Gaussian process tomography model selection using the ASDEX Upgrade SXR system,https://arxiv.org/abs/2004.06429,,AUG SXR GPT 模型选择代码,,not-public,,,AUG SXR 训练和测试投影未公开为完整基准。,离线诊断算法研究。,候选模型集合是封闭的；网络可能在新辐射形态/几何漂移下误选，且前向残差不能唯一验证二维真值。,ASDEX Upgrade | SXR | Gaussian process tomography | 模型选择 | CNN
DIA-05,DIA-05,,diagnostics,diagnostics,,,JET 辐射层析与变分自编码器破裂前兆分析,2020,JET/Eurofusion、IPFN 等,仅用一维 bolometer 信号难以定位破裂前的辐射形态异常，需要把高速层析与无监督异常检测结合。,先以矩阵/学习代理快速生成二维 bolometer 层析，再用变分自编码器学习正常基线分布，以重建误差和潜变量偏移标记前兆。,JET：两个实验 campaign 的 baseline 放电,E2,论文在回顾性案例中识别出接近破裂时的辐射结构异常，并对比正常放电演化；尚未证明固定阈值可在实时系统中稳定满足误报/漏报要求。,Deep Learning for the Analysis of Disruption Precursors Based on Plasma Tomography,https://doi.org/10.1080/15361055.2020.1820749,,JET tomography + VAE 实现,,not-public,,,所用 JET baseline 数据与层析训练标签未公开。,离线前兆发现原型。,异常并不等于可控的因果前兆；阈值对 campaign、壁条件和运行场景敏感，缺少在线/跨装置验证。,JET | bolometer | VAE | 异常检测 | 破裂前兆 | 层析
DIA-01,DIA-01,,diagnostics,diagnostics,,,FRNN：DIII-D/JET 跨装置深度学习破裂预警,2019,Princeton/PPPL、General Atomics、JET/UKAEA 等,破裂前兆跨越多时间尺度和多诊断信号，手工阈值难以在保持提前量的同时兼顾漏报与误报。,以分布式训练的循环/序列神经网络直接处理多变量时间序列，并研究 DIII-D 与 JET 之间的迁移和跨装置泛化。,DIII-D | JET,E2,Nature 论文显示多数正确报警能提供数百毫秒提前量，并展示 DIII-D/JET 的双向迁移优于只依赖目标机少量数据；这优于约 30 ms 量级缓解触发需求，但仍存在误报和漏报。,Predicting disruptive instabilities in controlled fusion plasmas through deep learning,https://www.nature.com/articles/s41586-019-1116-4,,plasma-python / FRNN,https://github.com/PPPLDeepLearning/plasma-python,official-direct,,,完整 DIII-D/JET 信号与标签需设施授权；代码公开不等于训练数据公开。,经典跨机离线验证；算法代码公开，装置在线权威部署仍需本机再验证。,设备域偏移、标签/时间窗定义和类别不平衡会显著改变指标；缺少校准置信度、可解释故障树和直接控制闭环证据。,FRNN | DIII-D | JET | 破裂预警 | 跨装置迁移 | LSTM
DIA-04,DIA-04,,diagnostics,diagnostics,,,JET 深度学习 bolometer 辐射层析重建,2017,JET/Eurofusion、Instituto de Plasmas e Fusão Nuclear 等,bolometer 视线积分反演成二维辐射率分布需要迭代正则化，传统算法难以满足大规模回放和实时诊断。,以既有迭代层析结果为监督标签，训练上采样卷积网络将视线测量直接映射为约 196×115 的二维辐射图。,JET：overview bolometer 系统,E2,论文显示网络能以远快于迭代算法的速度复现其辐射图，并在像素/结构指标上取得高一致性；监督标签是算法重建而非独立真值。,Deep learning for plasma tomography using the bolometer system at JET,https://doi.org/10.1016/j.fusengdes.2016.11.006,,JET bolometer 深度层析代码与权重,,not-public,,,JET bolometer 原始数据和迭代重建标签未公开成训练基准。,奠基性的离线快速层析研究。,网络继承标签算法的先验与伪影；缺少测量噪声、几何漂移、OOD 和不确定度的在线验收，不能视作独立物理真值。,JET | bolometer | 层析 | 辐射率 | 卷积网络
energy-pulsed-pcs-modelica-fresa,energy-pulsed-pcs-modelica-fresa,,energy,energy,,,脉冲托卡马克 PCS–熔盐储热的动态 Modelica 与多智能体优化,2025,University College London；UK Atomic Energy Authority,脉冲托卡马克 dwell 期间热源骤降会冲击透平与电网；储热虽能平滑输出却显著增加体积和成本，需要动态而非仅稳态的设计优化。,用 Modelica 构建三热源、蒸汽 Rankine 循环和间接显热熔盐储热的动态模型，开发一相/两相换热器集总模型；以 Fresa.jl 黑箱植物繁殖算法和多智能体 fitness-ranking 协作求解单/双目标设计问题。,UKAEA 支持的 prototype pulsed fusion tokamak power-conversion concept | 未绑定已发电装置,E1,论文展示动态模型足够稳健和快速以嵌入优化；官方案例页报告熔盐罐体积可缩减最多 40.5%，同时保持相对稳定的透平入口条件。全部为模型计算。,A dynamic model of a power conversion system with indirect thermal energy storage for a pulsed fusion tokamak for use in design optimisation,https://doi.org/10.1016/j.fusengdes.2025.115289,,论文 PCS/储热 Modelica 模型 | Fresa.jl | OpenModelica, | https://github.com/ericsfraga/Fresa.jl | https://github.com/OpenModelica/OpenModelica,not-public | official-enabling | official-enabling, |  | , |  | ,论文输入与 Pareto 结果可读；完整动态轨迹、组件图谱和实验数据未公开。,聚变专用动态设计优化原型；首次把多智能体 ranking 用于该 PCS 设计，但不是自主运行智能体。,没有换热器、熔盐罐、透平或电网 HIL 验证；未覆盖故障、腐蚀/冻结、控制保护、RAMI、启停和多年退化。,pulsed tokamak | Modelica | thermal storage | Rankine | Fresa.jl | multi-agent | 多目标优化
energy-cfetr-sco2-genetic-optimization,energy-cfetr-sco2-genetic-optimization,,energy,energy,,,CFETR 双热源 sCO₂ Brayton 能量链的遗传算法与多准则优化,2023,"Institute of Plasma Physics, Chinese Academy of Sciences；University of Science and Technology of China",CFETR 脉冲运行且包层、偏滤器出口温度不同，需在热效率、火用效率、设备复杂度和单位产品成本之间寻找可行的热—电转换方案。,为包层与偏滤器双热源构造新型超临界 CO₂ Brayton 循环，设置高温熔盐与低温混凝土储热回路；用遗传算法和多准则优化同时搜索循环热效率、系统火用效率和总产品单位成本。,CFETR power conversion system 概念 | CFETR blanket 与 divertor 双热源,E1,论文基于 CFETR 第一冷却回路参数完成热力、火用、火用经济和敏感性计算，并给出优化运行方案；全部为概念电厂模型，未有 CFETR 发电回路实验。,Analyses and optimization of the CFETR power conversion system with a new supercritical CO2 Brayton cycle,https://doi.org/10.1088/1741-4326/acbe0d,,CFETR sCO2 循环模型与优化脚本,,not-public,,,论文表格和参数可用于人工重建；未发现机器可读的设计点、Pareto 集或模型数据集。,面向明确聚变电厂概念的优化研究；工程等级仍为前概念/概念设计。,循环部件偏离设计点、材料与腐蚀、熔盐冻结、控制策略、故障、RAMI 和电网瞬态未由试验验证；遗传算法最优只对既定模型与边界条件成立。,CFETR | sCO2 | Brayton | 储热 | 遗传算法 | 火用经济 | 多准则优化
energy-stellarator-brayton-rankine-ga,energy-stellarator-brayton-rankine-ga,,energy,energy,,,高场恒星器 Brayton–Rankine 联合循环的遗传算法优化,2023,Renaissance Fusion；University of Tuscia 等,连续运行、液态金属壁高温聚变电厂需要把多个温位的热量高效转化为电力，同时控制换热器、压缩机与汽轮机的系统复杂度。,建立以超临界 CO₂ Brayton 顶循环和水蒸气 Rankine 底循环组成的联合循环热力模型，用遗传算法搜索主要压力、温度和换热参数。,Renaissance Fusion 高场液态金属壁 stellarator power-plant 概念,E1,论文对特定恒星器概念报告约 51% PCS 效率和约 34% 整厂净效率；这是模型优化结果，不能泛化为已建成装置性能。,An optimized power conversion system for a stellarator-based nuclear fusion power plant,https://doi.org/10.1016/j.enconman.2022.116572,,恒星器联合循环模型与遗传算法实现,,not-public,,,论文设计参数和结果公开；无独立机器可读数据集。,企业聚变电厂概念的热力系统优化；尚未建成并联调。,高温液态金属接口、材料寿命、实际透平地图、辅机耗电、停机和维护假设决定净效率；无动态、控制、故障和实验验证。,stellarator | sCO2 | Brayton-Rankine | 遗传算法 | 净效率 | Renaissance Fusion
aux-east-cryoplant-expert-diagnosis,aux-east-cryoplant-expert-diagnosis,,auxiliary,auxiliary,,,EAST 2 kW/4 K 氦低温站实时故障诊断专家系统,2012,"Institute of Plasma Physics, Chinese Academy of Sciences",EAST 低温站设备和过程变量多，DCS 可报警却难以实时定位根因并向操作员给出处置建议，故障会破坏超导磁体冷却并中断实验。,把运行专家经验整理为 176 张 empirical knowledge tables，以含不确定性的 fault-tree analysis 构建知识库和推理机；用 Qt Creator/C++、MySQL 与低温 DCS 实时过程变量集成，提供监视、诊断和建议界面。,EAST 2 kW/4 K helium refrigerator | EAST helium distribution system | EAST cryogenic DCS,E3,论文说明已开发实时诊断系统并完成初步测试，结果满意；直接证据是实际 EAST 低温系统/DCS 的实时软件原型，不是机器学习统计模型，也未报告自动执行控制动作。,Design of a real-time fault diagnosis expert system for the EAST cryoplant,https://doi.org/10.1016/j.fusengdes.2012.04.016,,EAST cryoplant fault-diagnosis expert system,,not-public,,,176 条经验知识表、故障树和 EAST 低温站过程数据未公开。,真实聚变低温站上的实时专家系统原型；代表可解释知识驱动 AI，而非现代深度学习。,知识获取与维护高度依赖专家；论文只称 preliminary test，缺长期检出率、误报率和故障覆盖统计；无法自动适应新设备、传感器漂移与未知故障。,EAST | cryoplant | helium refrigerator | expert system | fault tree | DCS | real-time
aux-east-nbi-breakdown-neural,aux-east-nbi-breakdown-neural,,auxiliary,auxiliary,,,EAST-NBI 离子源击穿预测与参数匹配的 SOM/BP 神经网络,2021,"Institute of Plasma Physics, Chinese Academy of Sciences；University of Science and Technology of China",EAST 中性束离子源参数失配会导致引出过程击穿，损伤离子源并限制长脉冲高功率运行；传统 snubber 只能减轻电源损伤，不能预防事件。,结合多轮实验数据、先验等离子体模型信息和 OPTICS 特征提取，以 self-organizing map 与 back-propagation 网络估计可实现的束引出脉宽，并学习击穿前数毫秒的诊断信号畸变。,EAST neutral beam injector ion source | 未来 CFETR-NNBI（作者提出迁移目标，未验证）,E2,PPCF 论文与 IAEA 技术会议材料使用 EAST-NBI 历史实验数据并报告部分击穿被成功预报；作者同时明确成功率并不理想，因此只能认定为离线装置数据验证。,Breakdown prediction of ion source at EAST-NBI using neural network | EAST-NBI experimental data processing method based on improved OPTICS algorithm,https://doi.org/10.1088/1361-6587/ac2afd | https://doi.org/10.1016/j.fusengdes.2021.112737, | ,EAST-NBI SOM/BP breakdown predictor,,not-public,,,EAST-NBI 多轮束引出实验波形；未公开，论文未提供可下载 shot 列表与标签集。,真实 NBI 数据上的早期预警研究原型，尚未达到可靠保护或自动参数控制。,少数击穿才有明显前兆，论文承认成功率不高；标签不平衡、装置工况漂移、提前量和误停束代价需系统评估，CFETR 外推未验证。,EAST | NBI | ion source | breakdown | SOM | BP neural network | OPTICS | predictive maintenance
aux-iter-tsm-ml-anomaly,aux-iter-tsm-ml-anomaly,,auxiliary,auxiliary,,,ITER Tokamak Systems Monitor 的统一机器学习异常检测模块,2026,ITER Organization；General Atomics；VERSE EUROPA,ITER 工程系统将产生数千通道信号，漂移和组合异常可能不越过传统阈值，人工跨系统监视难以扩展。,在 TSM Plant Operation Zone 中以统一 Python 接口托管可独立演进的算法，覆盖整脉冲 intershot 分类和时间局部在线监视；示例包括 gyrotron 脉冲的降维/聚类，以及 magnet power supplies 的 conditional invertible neural network。,ITER 电子回旋加热 gyrotron 工程脉冲 | ITER 磁体电源工程模型/信号 | 未来 ITER commissioning 与 operation,E1,论文给出已实现模块、两种算法和与 ITER CODAC/TSM 执行框架的接口，但明确强调 ITER 尚处预运行状态、ground truth 有限；磁体电源示例包含模型生成数据，尚未证明运行 ITER 上的在线告警效果。,Design and implementation of machine learning-based anomaly detection in the ITER Tokamak Systems Monitor | Feasibility evaluation and pre-conceptual design of the ITER tokamak systems monitor,https://doi.org/10.3389/fphy.2026.1824578 | https://doi.org/10.1016/j.fusengdes.2023.113435, | ,TSM / tsmadkit / tsmadalg,,not-public,,,工程模型与 ITER 项目相关 operational datasets 均受访问限制；论文明确不随代码发布。,面向正式运行环境的软件架构与预运行算法实现；属于 commissioning 前的 MLOps/监视基础设施。,尚无 ITER 运行分布、真实故障标签和长期 concept drift；自动告警只支撑操作员判断，不替代保护系统；安全鉴定、解释和更新治理仍待运行期完成。,ITER | TSM | anomaly detection | gyrotron | magnet power supply | CINN | MLOps | CODAC
aux-tmap8-tritium-multiscale-surrogates,aux-tmap8-tritium-multiscale-surrogates,,auxiliary,auxiliary,,,Tokamak Energy FPP 的 TMAP8 组件代理—系统燃料循环多尺度氚核算,2026,Idaho National Laboratory；Tokamak Energy Ltd.；U.S. DOE Milestone Program collaborators,氚在偏滤器、第一壁和真空室中的扩散、陷获、回收跨越材料微观到整厂燃料循环时间尺度，高保真逐组件计算无法直接支持大量设计权衡、库存与安全评估。,在开源 MOOSE/TMAP8 中训练/嵌入组件级 surrogate models，再耦合 system-level fuel-cycle model，快速计算正常运行和 bake-out 下的回收动力学、库存、滞留与损失。,Tokamak Energy preliminary Fusion Pilot Plant design | divertor | centre-column first wall | blanket first wall | vacuum vessel | tritium fuel-cycle systems,E1,论文是 DOE milestone 下明确 FPP 概念的多尺度仿真，展示组件代理进入整厂燃料循环；TMAP8 官方拥有解析/历史 TMAP 与实验相关 V&V 套件，但该 FPP 代理研究本身没有运行氚电厂数据。,"Multiscale Assessment of Tritium Behavior in Preliminary Fusion Pilot Plant Design Using Surrogate Models in TMAP8 | MOOSE-based Tritium Migration Analysis Program, Version 8 (TMAP8) for advanced open-source tritium transport and fuel cycle modeling",https://arxiv.org/abs/2604.19647 | https://doi.org/10.1016/j.fusengdes.2025.114874, | ,论文特定 Tokamak Energy FPP surrogate/input set | TMAP8, | https://github.com/idaholab/TMAP8,not-public | official-enabling, | , | ,TMAP8 的 V&V、示例和部分输入公开；Tokamak Energy FPP 几何、工况、代理训练集与权重未核实公开。,聚变公司 FPP 里程碑设计中的开源物理平台+代理概念验证。,尚无聚变电厂尺度氚库存实测；材料损伤、表面条件、捕获参数和工厂 availability 不确定性可主导结果；代理误差需跨尺度传播并形成安全裕量，预印本仍待同行评议。,TMAP8 | Tokamak Energy | FPP | tritium | fuel cycle | surrogate | multiscale | MOOSE
aux-nstx-west-icrf-ml-surrogate,aux-nstx-west-icrf-ml-surrogate,,auxiliary,auxiliary,,,NSTX/WEST ICRF 加热的 TORIC–ML 微秒级代理,2024,Princeton Plasma Physics Laboratory；Lawrence Berkeley National Laboratory；CEA-IRFM；MIT Plasma Science and Fusion Center,ICRF 全波谱求解器 TORIC 每例需约 1–5 分钟，无法进入在线场景预测、加热优化或快速 integrated modeling。,以 NSTX high-harmonic fast-wave 和 WEST hydrogen-minority heating 的 TORIC 参数数据库训练 random forest regressors 与 multilayer perceptrons，预测各粒子种类径向功率沉积分布，并分析/过滤求解器数值 outliers。,NSTX shot 138506 equilibrium / expected flat-top parameter range | WEST shot 56898 equilibrium / expected flat-top parameter range | NSTX-U 与 WEST ICRF 场景迁移候选,E1,12240 个 NSTX 和 10000 个 WEST TORIC 仿真用于训练/测试；推理约 2–50 微秒，相对 TORIC 加速约六个数量级。NSTX 电子/氘 R²=0.97/0.94，WEST 电子/氢 R²=0.81/0.70。标签仍来自 TORIC，未在真实闭环加热上验证。,Real-time capable modeling of ICRF heating on NSTX and WEST via machine learning approaches,https://doi.org/10.1088/1741-4326/ad645d,,论文 TORIC–ML 训练与推理代码 | scikit-learn, | https://github.com/scikit-learn/scikit-learn,not-public | official-enabling, | , | ,两套 TORIC 数据库公开于 Princeton Data Commons：https://doi.org/10.34770/g2gt-4694。,公开数据支持的高质量仿真代理研究；速度满足实时预算，但尚未完成 PCS 集成。,限定 Maxwellian、特定平衡与参数范围；未覆盖三离子、非 Maxwellian、杂质、广义平衡和 core/edge 耦合；代理可能平滑物理少见区，不能把修复 TORIC outlier 视为实验真值。,NSTX | WEST | ICRF | TORIC | random forest | MLP | surrogate | open data
data-mdsplus,mdsplus,,data,data,,D4,MDSplus：聚变实验采集、归档与远程访问基础设施,1991,MIT PSFC、Consorzio RFX/Padova、Los Alamos National Laboratory 及国际协作社区,聚变装置产生大量异构、分层且随放电变化的数据，需要在同一自描述结构中保存实验配置、波形、分析结果与仿真数据，并允许跨站点访问。,以 shot/tree/node 为核心的自描述层次树、TDI 表达式、设备模型和客户端/服务器协议统一采集、归档与分析；MDSplus 8 扩展长节点名以适配 IMAS 语义命名。,Alcator C-Mod | RFX-mod | DIII-D | EAST | KSTAR | NSTX-U | 超过 30 个磁约束聚变站点,E3,官方项目称 MDSplus 已部署在四大洲 30 多个站点，是磁聚变中最广泛使用的数据管理系统。；2018 年综述记录其从 C-Mod、ZTH、RFX 建设期开始的长期装置应用。,"MDSplus yesterday, today and tomorrow | MDSplus version 8.0 – The path to long node names",https://doi.org/10.1016/j.fusengdes.2017.12.010 | https://doi.org/10.1016/j.fusengdes.2024.114742, | ,MDSplus,https://github.com/MDSplus/mdsplus,official-direct,,,由各装置独立管理；软件开放不等于实验数据开放；MDSplus tree；signal/segment；远程 thin/thick client；可作为 AI 数据源，但通常还需批量抽取、时间对齐、质量标注、单位/坐标统一和许可治理。,生产级实验数据基础设施；数十年、多装置采集和归档运行。；L4,树结构与命名通常具有装置特异性，跨机迁移需要映射层。；逐 shot、逐信号访问并非天然适合高吞吐机器学习训练。；数据校准、标签、权限和可复用性不由存储系统自动保证。,DAQ | archive | time-series | client-server | legacy-modernization
data-disruptionpy,disruptionpy,,data,data,,D3,DisruptionPy：跨装置扰动分析与 ML-ready 数据集构建框架,2026,MIT Plasma Science and Fusion Center、UKAEA 及 MIT PSFC Disruptions Group,扰动预测研究中的信号定义、物理特征提取、时间插值和数据格式长期按装置/课题组重复实现，导致跨机比较与复现困难。,用设备配置、数据源抽象和可复用物理方法统一从 MDSplus 或 Xarray/S3 获取数据，计算经审查的物理特征，对齐时间基并输出 Parquet、HDF5 等 ML-ready 数据集。,Alcator C-Mod | DIII-D | EAST | HBT-EP | MAST,E2,JOSS 论文和官方仓库列出五台装置的数据抽取能力；MAST 是无需额外授权的开放数据源。,DisruptionPy: An open-source physics-based scientific framework for disruption analysis of fusion plasmas,https://doi.org/10.21105/joss.09364,,DisruptionPy,https://github.com/MIT-PSFC/disruption-py,official-direct,,,MAST 开放；C-Mod、DIII-D、EAST、HBT-EP 需各机构授权或网络环境；MDSplus；Xarray/S3；Parquet；HDF5；高，明确为 AI/ML 数据准备；仍需任务标签审计和跨机分布偏移处理。,多机真实数据验证的开源科学框架；真实装置数据管线、同行评审软件论文和持续测试。；L3,工具本身不授予底层数据访问权限。；同名物理特征在不同装置上的可比性仍依赖诊断、校准和定义。；主要面向离线数据库构建，不是安全关键实时扰动服务。,disruption | multi-machine | feature-engineering | ML-ready | FAIR
data-tokamark,tokamark,,data,data,,D3,TokaMark：MAST 多模态聚变基础模型基准,2026,UKAEA、IBM Research、STFC Hartree Centre,聚变 AI 缺少公开、结构化、多模态且统一划分与指标的基准，模型之间难以公平比较，也容易产生 shot 泄漏。,在 FAIR-MAST 数据上统一时序、二维剖面、视频、执行器、缺失信号处理、任务定义、训练/验证/测试划分和评估工具。,MAST,E2,论文定义 MAST 多模态任务和统一评估协议，并作为 TokaMind 的正式验证基准。；IBM 官方发布页确认 TokaMark 与 TokaMind 已开放。,TokaMark: A Comprehensive Benchmark for MAST Tokamak Plasma Models,https://arxiv.org/abs/2602.10132,,TokaMark,https://github.com/UKAEA-IBM-STFC-Fusion-FMs/tokamark,official-direct,,,基于公开 MAST/FAIR-MAST；具体 benchmark 下载与许可见官方仓库；multimodal windows；time series；profiles；videos；task splits；很高，但仅证明 MAST 域内基准能力，不能自动代表跨装置或反应堆泛化。,公开真实装置基准；真实 MAST 数据、开放评估代码和基础模型基线。；L3,装置单一，跨机、跨运行年代和反应堆尺度外推尚未验证。；基准任务不等于在线控制或数字孪生闭环。；预印本和基准仍较新，长期社区复现与治理尚待观察。,benchmark | foundation-model | MAST | multimodal | evaluation
hmi-tokamind,tokamind,,data,data,physics | diagnostics | hmi,D3,TokaMind：聚变等离子体多模态基础模型,2026,UKAEA、IBM Research、STFC Hartree Centre,不同采样率、模态和缺失模式的托卡马克诊断难以在同一模型中预训练并迁移到预测、重建和分类任务。,以多模态 token 化、DCT3D 编码、Transformer backbone 和输出适配器预训练 MAST 诊断、剖面、视频与执行器数据，支持冻结/轻量微调。,MAST,E2,论文报告在 TokaMark 上除一项任务外均优于基线，且若干任务轻量微调优于同预算从头训练。；IBM 与 Hugging Face 官方发布模型、代码和 checkpoint。,TokaMind: A Multi-Modal Transformer Foundation Model for Tokamak Plasma Dynamics,https://arxiv.org/abs/2602.15084,,TokaMind | TokaMind model weights,https://github.com/UKAEA-IBM-STFC-Fusion-FMs/tokamind | https://huggingface.co/UKAEA-IBM-STFC/tokamind-base-v2,official-direct | official-direct, | , | ,基于公开 TokaMark/FAIR-MAST；time series；2D profiles；video；actuator settings；聚变专用基础模型的强基线；尚不是语言助手、实验规划器或在线控制器。,公开基础模型与真实装置离线基准；MAST 数据、多任务评价、代码与权重开放。；L3,只在 MAST 历史数据上证明，不代表 MAST-U、常规纵横比托卡马克或燃烧等离子体泛化。；没有装置现场、人在回路或安全关键在线验证。；基础模型预测误差仍需物理约束、校准和不确定度门控后才能进入数字孪生。,foundation-model | Transformer | multimodal | MAST | transfer-learning
data-doe-fdp,doe-fdp,,data,data,,D3,DOE Fusion Data Platform：端到端融合数据、元数据与可复现工作流平台,2025,U.S. Department of Energy Fusion Energy Sciences、General Atomics、PPPL 及合作机构,单一档案读取工具不足以覆盖数据发现、处理、版本、溯源、策展、发布与 AI/ML 工作流复现。,把 Common Metadata Framework、TokSearch、MetaHub、版本与工作流执行能力组织为分布式端到端平台，面向 FAIR 数据对象和可复现研究。,当前重点为 DIII-D | 目标为美国及国际多装置实验与仿真数据,E2,官方平台文档列出 CMF、TokSearch、MetaHub，并明确当前主要高效访问 DIII-D 数据。；PPPL 2025 年官方报告将其定位为 data-driven fusion science 基础。,DOE Fusion Data Platform official project documentation,https://ga-fdp.github.io/,official-project-page,GA-FDP organization | TokSearch,https://github.com/GA-FDP | https://github.com/GA-FDP/toksearch,official-direct | official-direct, | , | ,平台代码和文档开放；当前主要数据访问仍面向已获授权的 DIII-D 用户；metadata objects；workflow artifacts；MDSplus/Parquet via TokSearch；catalog records；目标明确，能承载数据版本、溯源和工作流；多机构统一服务仍在演进。,早期采用与平台集成阶段；官方平台可用且含成熟组件，但未找到覆盖现行全平台的单篇同行评审系统论文。；L3,当前多机覆盖和公共数据开放程度有限。；平台级长期运维、服务等级、数据治理和身份联邦仍需成熟。；尚未形成面向在线数字孪生的低时延双向状态同步。,platform | FAIR | provenance | workflow | DOE
data-mast-open-data-service,mast-open-data-service,data-fair-mast,data,data,,D4,MAST Open Data Service：面向跨机机器学习的开放数据服务演进,2025,UKAEA、STFC、ORNL 与国际 MAST/JET 合作团队,机器学习需要比单次信号读取更高吞吐的开放服务，并需要让 MAST、MAST-U、JET 数据逐步进入统一可检索、可复用管线。,沿用 FAIR-MAST 的对象存储和元数据 API，系统评估并行 worker 下的加载时间与吞吐，提出多装置数据组织、抽象 API 和开放服务路线。,MAST | MAST-U（目标/部分管线） | JET（目标/部分管线）,E2,IEEE 论文明确将服务定位为 MAST、MAST-U、JET 的 AI/ML 数据基础，并报告并行性能评估。,An Open Data Service for Supporting Research in Machine Learning on Tokamak Data,https://doi.org/10.1109/TPS.2025.3583419,,FAIR-MAST shared implementation,https://github.com/ukaea/fair-mast,official-direct,,,MAST 数据已公开；MAST-U/JET 的完整公开程度受权限、校核和治理约束；object storage；relational metadata；web API；analysis-ready arrays；高吞吐和开放访问方向明确，但多机一致性仍在建设。,MAST 生产开放服务；多机扩展中；公开服务、同行评审性能结果和真实 ML 下游使用。；L4,与 FAIR-MAST 是同一技术谱系，不能重复解读为两个完全独立平台。；公开访问不等于所有通道均已质量认证。；向在线数字孪生演进还需流式更新、版本冻结和事件级质量服务。,open-data-service | ML-pipeline | MAST-U | JET | throughput
data-fair-mast,fair-mast,,data,data,,D4,FAIR-MAST：面向开放 AI/ML 的 MAST 数据管理系统,2024,UKAEA、STFC Hartree Centre 与 MAST Team,传统 MAST 档案对外部数据科学团队不易检索和批量访问，难以直接支撑可复现 AI/ML。,以关系型元数据索引、JSON API、S3 对象存储和 Zarr 诊断数组提供可搜索、可并行、云优化的数据访问，并采用 FAIR 原则和开放许可。,MAST M05-M09 campaigns | 规划扩展至 MAST-U | 规划扩展至 JET,E2,论文报告相对遗留系统约 10 倍的数据访问速度提升。；UKAEA 官方将其列为活跃服务，并说明其被用于 UKAEA/IBM 聚变基础模型协作。,FAIR-MAST: A fusion device data management system,https://doi.org/10.1016/j.softx.2024.101869,,FAIR-MAST,https://github.com/ukaea/fair-mast,official-direct,,,MAST 历史数据公开；元数据和大部分数据采用 CC BY-SA 4.0；Zarr；S3 object store；JSON API；relational metadata；高；已直接支撑 TokaMark/TokaMind，但目前以单装置历史数据为主。,公开生产服务；真实 MAST 数据开放、性能评估和下游基础模型使用。；L4,当前公开覆盖主要是 MAST 历史 campaigns，不代表 MAST-U/JET 已全面开放。；跨诊断校准、缺失机制和物理事件标签仍需任务级处理。；扩展至不同装置需要模式、坐标和许可治理。,FAIR | MAST | Zarr | S3 | open-data
data-omas-ods,omas,,data,data,,D4,OMAS/ODS：面向 Python 的 IMAS 自适应数据层,2018,General Atomics / OMFIT-AToM collaboration,直接使用 IMAS 数据结构时，各代码可能填充不同字段、网格和派生量，仍会产生隐性点对点转换；Python 工作流需要轻量、可插值、可校验的内存对象。,Ordered Multidimensional Array Structures 以分层 ODS（OMAS Data Storage）对象复现 IMAS 语义，提供一致性检查、坐标插值、派生量计算以及 IMAS、HDF5、NetCDF、JSON、MongoDB 等读写。,DIII-D | NSTX-U | ITER | CFETR | STEP/OMFIT 支持的其他托卡马克,E2,OMAS 被 STEP 用作所有模块间的集中数据状态，并可随时转换为 IMAS。；耦合 core-pedestal 工作流使用 OMAS/IMAS 在 DIII-D 放电上验证。,Interfacing Physics Codes with ITER IMAS via OMAS | Neural-network accelerated coupled core-pedestal simulations with self-consistent transport of impurities and compatible with ITER IMAS,https://nucleus.iaea.org/sites/fusionportal/Shared%20Documents/BoA_28May.pdf | https://www.osti.gov/pages/biblio/1766792,conference-material | ,OMAS,https://github.com/gafusion/omas,official-direct,,,库和模式开放；装置数据访问仍取决于 OMFIT/MDSplus/站点权限；ODS；IMAS；HDF5；NetCDF；JSON；MongoDB；适合 Python 特征工程和工作流状态交换，但训练语料仍需固定版本、快照和标签治理。,成熟集成工作流数据层；STEP、OMFIT 和多项 DIII-D/反应堆预测研究使用。；L4,不是独立的数据仓库或装置采集系统。；第三方代码到 OMAS/IMAS 的映射仍需人工实现和验证。；自动插值和派生量必须保留算法版本与不确定度，避免产生不可追溯的数据变化。,OMAS | ODS | Python | IMAS-adapter | workflow-state
data-toksearch,toksearch,data-doe-fdp,data,data,,D4,TokSearch：跨大量放电的并行查询与机器学习数据抽取,2018,General Atomics / DIII-D；现由 DOE Fusion Data Platform 维护,逐 shot 串行从 MDSplus/PTDATA 读取大量信号无法支撑数万至数十万放电的统计研究和机器学习数据集构建。,借鉴 SQL 的 Python/Matlab 查询 API，把信号读取、派生计算、过滤和持久化分布到单机多核、集群或 Spark/HDFS，尽量利用数据局部性和总 I/O 带宽。,DIII-D | 可通过 MDSplus/Parquet 适配其他装置,E2,论文以 DIII-D 扰动 halo current 数据库研究验证大规模并行抽取。；2024 年 IAEA 报告确认 TokSearch 已按 Apache-2.0 开源。,TokSearch: A search engine for fusion experimental data,https://doi.org/10.1016/j.fusengdes.2018.02.003,,TokSearch,https://github.com/GA-FDP/toksearch,official-direct,,,工具开放；DIII-D 原始数据通常需要 DIII-D 用户权限；MDSplus；PTDATA；Parquet；Spark/DataFrame-like results；非常适合批量数据抽取，但不自动提供跨机语义、标签或训练/测试泄漏控制。,DIII-D 大规模分析工具并进入 DOE FDP 工具链；真实大规模 shot 查询、同行评审应用和正式开源。；L4,性能受档案网络、存储带宽和数据布局限制。；DIII-D 特定数据源和派生逻辑移植到其他装置需开发适配器。；查询可复现性需要冻结信号版本、处理代码和环境。,batch-query | Spark | DIII-D | dataset-construction | parallel-IO
data-imas,imas,,data,data,,D4,IMAS：ITER 装置无关的数据字典、访问层与集成建模语义,2015,ITER Organization 与 ITER Members/EUROfusion,实验数据和模拟代码若采用点对点接口，会形成 N² 集成成本；ITER 需要统一描述平衡、剖面、控制、诊断、MHD、工程与溯源的数据标准。,以版本化 IMAS Data Dictionary 定义 Interface Data Structures，配套 Access Layer、Python/C++/Fortran/Java/MATLAB 接口、后端、验证器、映射和可视化工具。,ITER | JET | MAST/MAST-U | WEST | ASDEX Upgrade | TCV | KSTAR | DIII-D | EUROfusion DEMO 工作流,E2,ITER 官方 2025 年宣布 IMAS 基础设施和多项物理模型开放源码。；EUROfusion 的多机数据映射已用于代码集成、数据核验与模型验证。,"Code Integration, Data Verification, and Models Validation Using the ITER Integrated Modeling and Analysis System (IMAS) in EUROfusion | The initial step towards JOREK integration in IMAS",https://doi.org/10.1080/15361055.2020.1819751 | https://arxiv.org/abs/2006.09198, | ,IMAS Data Dictionary | IMAS-Python | IMAS Data Mapping,https://github.com/iterorganization/IMAS-Data-Dictionary | https://github.com/iterorganization/IMAS-Python | https://github.com/iterorganization/IMAS-Data-Mapping,official-direct | official-direct | official-direct, |  | , |  | ,数据字典和主要工具开放；具体实验数据及部分后端仍受机构权限控制；IDS；netCDF；MDSplus backend；UDA backend；最重要的跨代码/跨装置语义骨架之一，但需要映射覆盖、数据质量规则和 ML 友好视图。,国际集成建模标准与开放基础设施；ITER 和 EUROfusion 正式采用，多代码、多机验证。；L4,字典版本演进会带来迁移和兼容成本。；仅符合 IDS 结构并不能保证物理完备、自洽或坐标约定正确。；高维大数据、流式在线数据和 AI 特征视图仍需额外工程。,ontology | data-dictionary | IDS | interoperability | ITER
data-uda,uda,,data,data,,D4,UDA：面向异构聚变数据的统一远程访问层,2012,UK Atomic Energy Authority,分析代码不应依赖每种装置数据的文件位置、格式、位宽和访问协议；IMAS 还需要一种可映射本地档案并支持远程分段读取的后端。,插件驱动的 C/C++ 客户端—服务器或 fat-client 架构，把 NetCDF、MDSplus、文件和装置服务映射为统一数据对象；通过 UDA/IMAS 插件按 IDS 路径提供数据。,MAST | MAST-U | JET | WEST | ASDEX Upgrade | TCV | ITER/IMAS 工作流,E2,UKAEA 官方文档给出 client-server、fat-client、SSL 和插件体系。；UKAEA 说明 UDA 是 MAST-U 全体内部和外部科学用户的主要数据访问系统，典型约 30 个并发连接。,IMAS UDA Workshop: UDA Overview and IMAS UDA Presentation,https://ukaea.github.io/imas_mapping_workshop/imas_uda_presentation/index.html,conference-material,UDA,https://github.com/ukaea/UDA,official-direct,,,访问策略由数据源站点决定；MAST-U 等内部资源通常需要账户或 VPN；统一数据对象；MDSplus；NetCDF；IMAS IDS via plugin；适合作为跨后端抽取层，但大规模训练仍需要缓存、对象存储或批处理层。,装置生产使用与 IMAS 集成；MAST/MAST-U 主数据访问系统，并已用于多机 IMAS 映射。；L4,跨站点防火墙、身份认证和授权仍会限制真正的联邦访问。；插件映射正确性需要逐装置验证。；统一访问对象不等于统一物理语义、质量和时基。,data-access | plugins | IMAS | remote | MAST-U
hmi-west-llm4ppo,hmi-west-llm4ppo,,hmi,hmi,,,WEST LLM4PPO：红外第一壁监测的多模态决策支持,2026,CEA/IRFM、WEST Team,长脉冲 WEST 的红外视频和温度曲线需要 Plasma-facing component Protection Officer 快速识别热斑并在炮间给出判断，人工负荷高且一致性有限。,在本地部署 LLaVA-NeXT 13B，多模态输入红外图与温度曲线，通过 prompt engineering、LoRA 和专家反馈把 PPO 经验注入模型，并以自然语言提供 post-pulse 决策支持。,WEST C10 campaign（2024-10 至 2024-12）,E3,论文称工具在 WEST C10 控制室部署，反馈中 32% 为 OK、41% 为 positive response；所有处理在本地服务器完成。,Decision support for in-operation monitoring of the WEST tokamak first wall using multimodal large language model (LLM) on infrared imaging,https://doi.org/10.1016/j.knosys.2025.114912,,LLM4PPO application and fine-tuned weights,,not-public,,,真实 WEST 数据需联系作者；训练含 150 组真实图像—prompt 对；infrared images；temperature curves rendered as images；expert prompts；operator feedback；高价值的人在回路案例，但数据量小、输出以专家评分为主，需更严格安全与统计评价。,控制室炮间决策支持；真实 campaign 现场部署；明确不替代 PPO，也非实时闭环控制。；L4,不是实时保护逻辑，最终判定仍由人类专家做出。；训练集规模小，评价中的主观反馈比例不能替代漏检率、误报警率和安全边界验证。；数据、代码和权重未公开，跨装置迁移尚未验证。；将曲线作为图像输入可能损失原始时间序列精度。,multimodal-LLM | infrared | WEST | decision-support | control-room
hmi-fusion-operational-copilot,hmi-fusion-operational-copilot,,hmi,hmi,,,Fusion Operational Copilot：基于实验日志的托卡马克 RAG 助手,2023,Carnegie Mellon University、PPPL、MIT PSFC、Princeton University,实验 session leader 必须在有限的 between-shot 时间内检索历史日志、理解装置状态并制定下一炮计划；关键词检索无法利用操作日志语义。,用 DIII-D 与 Alcator C-Mod 操作日志构建向量检索和 RAG 原型，支持语义搜索、装置特定操作问答和一般托卡马克问答，并通过研究人员调查评估。,DIII-D | Alcator C-Mod,E2,论文报告原型已部署给研究人员使用；前两类任务优于基础模型/关键词搜索，但一般问题并未清晰优于 GPT-4。,Towards LLMs as Operational Copilots for Fusion Reactors,https://openreview.net/forum?id=yGVChrbJ4E,,Fusion operational copilot implementation,,not-public,,,DIII-D 与 C-Mod 操作日志未随论文公开；text logs；retrieval index；chat interface；证明了日志语义检索价值，但需要权限隔离、引用定位、失效知识处理和量化评测。,真实装置知识的研究人员试用原型；使用两台装置真实日志并部署试用，但未进入控制权限链。；L3,工作坊论文、样本和用户调查规模有限。；不读取实时诊断，不执行控制，不可视为自主实验智能体。；一般托卡马克问答中 RAG 未显著优于基础模型。；无公开代码和日志，难以独立复现。,RAG | copilot | shot-log | DIII-D | human-in-the-loop
hmi-plasmax-lingshu,hmi-plasmax-lingshu,,hmi,hmi,,,PlasmaX：灵枢 PCS 的可视化与 RAG 智能开发环境,2026,中国科学院合肥物质科学研究院等离子体物理研究所,PCS 算法开发涉及复杂 XML 配置、多文件一致性、C++ 模板和装置专用知识，阻碍控制算法快速集成和验证。,以 VS Code extension 实现 XML 模型与交互式 webview 双向同步、模板代码生成和本地 RAG+LLM 问答；官方报告称平均自动生成约 79.4%/近 80% 的算法代码。,EAST | 面向 BEST | 面向 CFETR,E1,2026 年论文描述 PlasmaX 的可视化、代码生成和 RAG 问答模块。；IAEA 2026 官方会议报告称 PlasmaX 为 EAST 灵枢辅助平台，可生成近 80% 算法代码并提供 AI agent 指导。,Design and implementation of a visual and intelligent integrated development environment for the Lingshu plasma control system | Lingshu: A modular real-time control system framework for experimental tokamaks,https://doi.org/10.1016/j.fusengdes.2026.115831 | https://doi.org/10.1016/j.fusengdes.2025.115309, | ,PlasmaX VS Code extension | Lingshu PCS, | ,not-public | not-public, | , | ,PCS 配置、知识库、生成代码和装置验证数据未公开；XML algorithm model；C++ code skeleton；webview model；RAG knowledge base；工程价值明确，但 RAG 问答与实际 9000 炮以上 Lingshu 控制业绩应严格区分；后者不能直接归因于 LLM。,装置 PCS 开发辅助原型；与已在 EAST 使用的 Lingshu 工具链对接；未证明 LLM 生成代码未经人工审核直接上线。；L3,代码生成覆盖率不是正确性、实时性或安全性指标。；需要静态检查、模型在环、软件在环、硬件在环和变更审批闭环。；未公开代码、数据和系统化人因评价。；RAG 技术支持不等于自主 PCS 控制智能体。,IDE | RAG | code-generation | EAST | PCS
hmi-llnl-mada,hmi-llnl-mada,,hmi,hmi,,,MADA：惯性聚变靶设计的多智能体设计助手,2025,Lawrence Livermore National Laboratory,高能量密度与惯性聚变靶丸的几何设计、输入卡生成、高保真模拟调度和反设计高度依赖少数专家，并需要在 HPC 上运行大量多物理计算。,用自然语言和手绘概念触发专用 LLM agents，生成 MARBL 计算输入、提交 HPC 作业、分析结果并迭代几何；论文演示了在高保真代码中搜索到模拟点火设计。,NIF 相关惯性约束聚变设计环境 | LLNL El Capitan/Tuolumne HPC | 非托卡马克,E1,LLNL 官方报道开源 LLM 经内部 MARBL 文档微调，能从手绘图和自然语言生成 simulation deck 并运行数千次模拟。；预印本展示多智能体与高阶多物理代码耦合的模拟点火反设计。,Multi-Agent Design Assistant for the Simulation of Inertial Fusion Energy,https://arxiv.org/abs/2510.17830,,MADA / MARBL integration,,not-public,,,内部 MARBL 文档、靶设计和大量仿真产物未公开；natural-language design request；sketch/image；simulation decks；HPC results；展示了 agent—solver—HPC 闭环，但证据是计算设计，不是 NIF 实验靶的自主执行。,高保真计算原型；真实生产级 HPC/代码环境中的模拟演示，尚无物理实验闭环。；L2,惯性约束聚变方法与托卡马克控制/实验规划不能直接等同。；模拟点火不等于实验点火或工程可制造性验证。；代码、训练语料和高保真求解器未开放。；自主动作仍需工件门控、专家审核和资源权限边界。,agent | ICF | inverse-design | HPC | human-in-the-loop
hmi-foundation-model-visual-logbook-concept,hmi-foundation-model-visual-logbook-concept,,hmi,hmi,,,实验聚变基础模型与自动视觉日志：概念路线,2025,Princeton Plasma Physics Laboratory,融合实验的视觉诊断、事件链和操作日志尚未被统一的预训练模型利用，炮间分析与场景规划仍高度依赖人工。,观点论文提出以视频/图像基础模型、少样本微调和自动视觉日志，将诊断事件关联到放电时间线，并探索生成式场景规划。,概念上适用于 DIII-D、NSTX-U、ITER 等实验装置 | 论文未报告特定装置生产部署,E0,论文明确声明 foundation models 尚未在聚变实验生产环境采用，示意自动 logbook 是未来用例。,AI foundation models for experimental fusion tasks,https://doi.org/10.3389/fphy.2024.1531334,,Automated visual logbook reference implementation,,not-public,,,无配套数据集；conceptual video/image tokens；event timeline；text logbook；属于需求与架构启发，不应作为已验证成果计入装置能力。,同行评审概念；有正式论文，但无配套代码、数据或装置验证。；L1,没有实验结果或基准。；没有公开实现。；自动日志中的因果叙述、置信度和责任边界尚未解决。,perspective | visual-logbook | foundation-model | scenario-planning | concept
integration-step-omfit,integration-step-omfit,,integration,integration,,,STEP/OMFIT：稳定性—输运—平衡—台基自洽集成模拟,2023,General Atomics、PPPL、EPFL、UKAEA 等 AToM/OMFIT collaboration,单独的 equilibrium、transport、pedestal 和 MHD stability 代码会产生不一致状态，难以对执行器目标和反应堆场景做可追溯迭代。,在 OMFIT 中把每个 physics code 封装为读取/写回 OMAS/IMAS 状态的 step，保留每步历史与 provenance，支持开环、反馈和优化；STEP-0D 从全局量生成理论自洽场景。,DIII-D | NSTX/NSTX-U | ITER | ARC | EU-DEMO | CFETR,E2,STEP 论文说明耦合稳定性、输运、平衡、台基、加热/电流驱动和加料，并使用集中 IMAS 状态。；STEP-0D 以 ITPA 数据库验证，报告能量约束时间平均相对误差低于 19%，并预测 ARC、EU-DEMO、CFETR。,"Flexible, integrated modeling of tokamak stability, transport, equilibrium, and pedestal physics | Elevating zero dimensional global scaling predictions to self-consistent theory-based simulations",https://arxiv.org/abs/2305.09683 | https://arxiv.org/abs/2305.07285, | ,OMFIT/STEP source | OMAS,https://github.com/gafusion/OMFIT-source | https://github.com/gafusion/omas,not-public | official-enabling, | , | ,OMFIT/STEP 访问受用户协议约束；OMAS 公开；各 physics code 和装置数据权限不一；OMAS/ODS；IMAS；OMFIT project tree；code-specific inputs/outputs；适合 surrogate 替换、执行器优化和 scenario generation；仍是集成等离子体模拟，不是全厂在线孪生。,多装置集成预测与 predict-first 工作流；DIII-D 等装置分析和多反应堆场景验证。；L4,主要覆盖等离子体核心/台基/稳定性，工程全厂、辅机、故障和维护未形成同等闭环。；计算时延通常不满足实时孪生。；OMFIT 源码访问受协议约束，复现还取决于各外部 physics code。；不同模块的误差和相关不确定度尚难完整传播。,integrated-plasma-modeling | OMFIT | STEP | OMAS | predict-first
integration-mpex-ai-digital-twins,integration-mpex-ai-digital-twins,,integration,integration,,,MPEX AI Digital Twins：实验—模拟—代理—智能体闭环原型,2025,Oak Ridge National Laboratory、PPPL 及 DOE FES/American Science Cloud/Genesis Mission 合作团队,MPEX 需要在装置投运早期快速达到目标等离子体条件、评估钨材料损伤并把多物理模拟、HPC、实验数据和材料搜索连接起来。,规划 Helicon AI Hot-Spot Controller、e-beam/MPEX damage-assessment twin 和材料评估模型；Galaxy 接口连接物理代码与 DOE HPC，未来允许科学家或 AI agents 执行、验证和分析。,Proto-MPEX（历史验证基础） | MPEX（建设/投运准备） | JUDITH electron-beam facility data,E1,ORNL 官方 2026 研究亮点明确提出自动控制、损伤评估、AI-guided experiment/simulation 和 Genesis agent 平台。；六个月里程碑报告说明 Galaxy 已连接部分主物理代码与 DOE HPC，但与 MPEX DAQ 的连接仍用将来时描述。,MPEX AI Digital Twins | MPEX AI Digital Twins Milestone Report,https://doi.org/10.2172/3002172 | https://arxiv.org/abs/2605.12116, | ,MPEX AI Digital Twins integration code | Galaxy, | https://github.com/galaxyproject/galaxy,not-public | official-enabling, | , | ,项目主要生成中的模拟和实验数据尚未形成公开训练集；physics simulation outputs；HPC workflow artifacts；DAQ data（planned connection）；material damage metrics；架构最接近闭环 AI digital twin，但截至里程碑报告仍处建设和演示阶段。,建设期里程碑原型；有 Proto-MPEX 既有模型基础和 HPC 接口进展，但 MPEX 实验—AI 闭环尚未完成装置运行验证。；L2,MPEX 是线性等离子体材料装置，不是 tokamak 或聚变电厂。；多项能力在报告中仍是 planned/on track，不能写成已生产部署。；代码、数据和 V&V 证据尚未开放。；AI agent 必须受到权限、工件验证、物理约束和人工审批门控。,digital-twin | agent | MPEX | plasma-material-interaction | HPC
integration-fuse-jl,fuse-jl,,integration,integration,energy,,FUSE.jl：融合先导电厂多保真集成设计与优化,2024,General Atomics / Project Torrey Pines 与合作团队,传统 0D systems code 难以把等离子体、工程、控制和经济模型在统一可微/可优化工作流中自洽连接，也难以快速替换不同保真度模型。,Julia 模块化 actor 架构，以 IMAS 风格数据结构连接一阶、降阶、机器学习和高保真模型，支持稳态/时变场景、参数扫描、并行多目标优化和 UQ。,Fusion Pilot Plant 概念 | ITER-like 与 DIII-D/反应堆场景 | 可配置轴对称托卡马克设计,E1,框架论文明确包括物理、工程、控制、成本和多保真/机器学习模型的自洽设计优化。,FUSE (Fusion Synthesis Engine): A Next Generation Framework for Integrated Design of Fusion Pilot Plants,https://arxiv.org/abs/2409.05894,,FUSE.jl | IMAS.jl,https://github.com/ProjectTorreyPines/FUSE.jl | https://github.com/ProjectTorreyPines/IMAS.jl,official-direct | official-enabling, | , | ,代码和示例开放；高保真外部代码、输入数据及商业组件取决于各自许可；Julia IMAS-like data dictionary；actor state；design variables；optimization histories；高，原生支持 surrogate 与多保真替换；但数字孪生还需要装置实时数据、状态估计和持续校准。,开放的先进集成设计框架；多域计算和设计案例已展示，但不是已投运聚变电厂孪生。；L3,多数验证仍是代码对比和概念设计一致性，不是电厂运行数据验证。；不同 actor 的适用边界和 UQ 完整性不均衡。；与 CAD/PLM、资产配置、在线传感器和安全论证尚非闭环。；Julia 生态与既有 Fortran/C++/商业 CAE 的组织集成成本需评估。,systems-design | multi-fidelity | Julia | optimization | pilot-plant
integration-bluemira,bluemira,,integration,integration,energy,,Bluemira：面向聚变电厂的参数化多保真设计框架,2023,UK Atomic Energy Authority 与 Fusion Power Plant Framework community,聚变概念设计中 CAD、平衡、线圈、磁静力、结构、燃料、功率平衡和中子学几何往往由不同团队手工迭代，更新一个设计点需要数月。,以 Python Designer/Builder/ParameterFrame 把参数化几何、优化和多领域分析组合成可自动执行的设计 workflow，支持从快速模块到外部高保真代码以及 CAD/DAGMC 输出。,UK STEP Prototype Powerplant | EUROfusion EU-DEMO | 通用 tokamak/stellarator concepts,E1,UKAEA 官方称典型概念设计可由数月缩短到分钟，并列出 STEP 与 EU-DEMO 用例。；STEP PF 线圈论文展示在 Bluemira 中加入超导临界电流和 keep-in-zone 约束的嵌套优化。,Conceptual design workflow for the STEP Prototype Powerplant | Optimisation of STEP poloidal field coils with superconducting coil constraints in STEP-Bluemira power plant design framework,https://doi.org/10.1016/j.fusengdes.2024.114238 | https://doi.org/10.1016/j.fusengdes.2025.115357, | ,bluemira | eqdsk,https://github.com/Fusion-Power-Plant-Framework/bluemira | https://github.com/Fusion-Power-Plant-Framework/eqdsk,official-direct | official-enabling, | , | ,框架、示例和部分 baseline 开放；STEP 受控设计数据和外部商业分析未必开放；JSON parameters；CAD/STEP；DAGMC；equilibrium；analysis results；参数化和自动 workflow 适合生成训练数据、主动学习和优化；缺少运行资产同步。,正式概念设计框架；STEP 和 EU-DEMO 设计流程使用、公开代码和工程论文。；L4,主要是 design twin，不是随装置状态更新的 operational twin。；分钟级快速模块通常是简化模型，不能替代详细安全和工程分析。；外部代码耦合的版本、网格、材料数据和验证证据需要独立治理。；三维配置、制造公差和 as-built/as-maintained 闭环尚需 PLM/MBSE 集成。,design-framework | CAD | STEP | EU-DEMO | multi-fidelity
integration-powerbalance,powerbalance,,integration,integration,energy,,Power Balance Models：托卡马克全厂动态净电功率模型,2023,UK Atomic Energy Authority,聚变电厂净输出取决于磁体、低温、加热与电流驱动、真空、燃料循环等厂用负荷和热—电转换的动态耦合，0D 静态指标无法反映脉冲和启动过程。,用 OpenModelica 建立主要电厂子系统的方程模型，以 Python CLI/API 配置 plasma scenario、结构参数、参数扫描和插件，并计算随时间变化的发电与用电。,UK STEP Prototype Powerplant | 通用 D-T tokamak reactor designs,E1,论文描述覆盖主要 tokamak 子系统的时变功率消耗与发电，并明确公开 GitHub 代码。；UKAEA 报告称该模型在 STEP 早期设计中得到广泛使用。,An open-source power balance model for the estimation of tokamak net electrical power output,https://doi.org/10.1016/j.fusengdes.2023.113563,,powerbalance | OpenModelica,https://github.com/ukaea/powerbalance | https://github.com/OpenModelica/OpenModelica,official-direct | official-enabling, | , | ,模型和默认参数开放；详细 STEP 子系统设计输入可能受控；Modelica；TOML configuration；MAT plasma profiles；time-series outputs；可生成动态 surrogate 训练集并服务能量管理策略，但当前精度定位为早期概念设计 ballpark。,STEP 概念设计中的动态全厂功率模型；公开模型、论文验证与 STEP 实际设计使用。；L4,论文和 UKAEA 报告明确将结果定位为概念阶段近似。；尚无真实聚变发电厂数据验证。；需要与热工水力、电气暂态、控制保护和电网模型建立更高保真接口。；不是实时能量管理系统。,power-balance | Modelica | STEP | balance-of-plant | dynamic-model
integration-faroes,faroes,,integration,integration,energy,,FAROES：基于 OpenMDAO 的可导聚变 systems code,2022,Princeton University / PPPL collaboration,需要在反应堆几何、等离子体性能、热负荷和成本之间做梯度优化，并分析如正/负三角度等设计选择的系统级经济影响。,把 Menard 等 0D tokamak spreadsheet 模型迁入 Python/OpenMDAO，以显式组件、耦合变量和成本模型构造可优化的稳态 DEMO-like 反应堆。,DEMO2-like steady-state reactor | 概念 tokamak reactors,E1,Nuclear Fusion 论文使用 FAROES 比较负三角度和正三角度 DEMO-like 设计的 LCOE 与热负荷。；作者报告明确说明该模型为 0D、基于 OpenMDAO，并指出完整说明稿当时仍在准备。,To dee or not to dee: costs and benefits of altering the triangularity of a steady-state DEMO-like reactor,https://doi.org/10.1088/1741-4326/ac62f6,,FAROES | OpenMDAO, | https://github.com/OpenMDAO/OpenMDAO,not-public | official-enabling, | , | ,论文参数和部分结果可见；完整模型代码未公开；OpenMDAO variables；0D reactor parameters；cost/LCOE outputs；可导计算图适合优化和 surrogate，但代码不可得阻碍复现和数字孪生集成。,论文级 systems optimization code；有同行评审设计研究，但无公开代码或装置运行验证。；L2,0D 模型忽略 Shafranov shift、局部输运和多种关键物理，论文已明确说明。；对三角度和成本结论强依赖约束与标定。；没有公开仓库，难以核查版本、测试和复现。,OpenMDAO | systems-code | LCOE | negative-triangularity | not-public
integration-openmdao,integration-openmdao,,integration,integration,,,OpenMDAO：聚变多学科分析与优化的通用使能框架,2012,NASA Glenn Research Center 与 OpenMDAO community,跨学科系统模型包含强耦合、隐式方程和高维设计变量，若无统一计算图、导数和求解器接口，优化成本过高。,Python 组件/组计算图、非线性与线性求解器、解析/自动/复步导数、总导数和稀疏并行优化；聚变项目可把物理、磁体、热工和成本组件嵌入。,FAROES reactor models | 通用聚变设计工作流 | 本身非装置专用,E1,官方论文给出 Newton 型耦合求解和利用问题结构的高效总导数体系。；FAROES 论文/报告明确使用 OpenMDAO 构建 0D tokamak 优化模型。,"OpenMDAO: an open-source framework for multidisciplinary design, analysis, and optimization",https://doi.org/10.1007/s00158-019-02211-z,,OpenMDAO,https://github.com/OpenMDAO/OpenMDAO,official-direct,,,框架完全开放，不自带聚变实验数据；Python components；design variables；constraints；derivative metadata；适合把 AI surrogate 插入多学科优化并进行梯度传播，但没有聚变语义、V&V 或实时数据管理。,成熟通用 MDO 框架；聚变应用成熟度取决于上层模型；NASA 和多行业长期使用，FAROES 是聚变实例。；L4,不是聚变 systems code，不能独立给出任何可信聚变结果。；组件导数、尺度和收敛质量由建模者负责。；实时协同、配置管理和安全认证不在核心范围。,MDO | optimization-framework | derivatives | surrogate-integration | NASA
integration-process,process,,integration,integration,energy,,PROCESS：聚变电厂 systems code 与约束优化,1987,UK Atomic Energy Authority,需要在大量相互依赖的物理、磁体、热工、能量转换、建筑、可用率和经济约束下求得自洽电厂设计点。,以 0D/1D 简化模型和非线性约束求解器同时计算整个电厂，允许选择约束和优化目标，如电价、净电功率或 Q；保留 tracking 和测试基线。,EUROfusion DEMO | UK STEP Prototype Powerplant | 通用 tokamak power-plant concepts | 部分 stellarator systems studies,E1,UKAEA 官方说明 PROCESS 被 EUROfusion DEMO 和 UK STEP 使用，范围覆盖热转换和建筑。；STEP 概念设计论文以 PROCESS 生成初始设计点，再与 JETTO、FIESTA、Bluemira 等增加保真度。,PROCESS: a systems code for fusion power plants – Part 1: Physics | PROCESS: a systems code for fusion power plants – Part 2: Engineering,https://doi.org/10.1016/j.fusengdes.2014.09.018 | https://arxiv.org/abs/1601.06147, | ,PROCESS,https://github.com/ukaea/PROCESS,official-direct,,,代码与典型输入开放；项目设计假设和专有技术数据未必开放；input files；scalar design variables；constraint residuals；optimization outputs；适合作为快速 design-space oracle、代理模型数据生成和约束筛选；不适合作为动态状态估计器。,正式电厂概念设计 systems code；DEMO、STEP 多年设计应用和公开测试跟踪。；L4,0D/1D 简化关系不表达局部场、瞬态、制造细节和故障传播。；输出强烈依赖用户启用的约束与技术假设。；不是运行时双向同步的数字孪生。；版本 3 重构阶段 API 稳定性需关注。,systems-code | DEMO | STEP | optimization | economics
