id,titleZh,titleEn,year,primaryTask,relatedTasks,devices,evidenceLevel,deploymentLevel,problem,method,timescale,validation,results,limitations,twinRelevance,paperTitles,paperUrls,codeNames,codeUrls,codeStatus
PCS-039,EXL-50/EXL-50U PTEFIT快速平衡重建与反馈探索,,2026,T0,T2 | T9,EXL-50 | EXL-50U,E4,D4,适配球形托卡马克与非感应电流驱动场景的快速平衡重建，并为位形反馈提供低延迟状态。,公开预印本描述PTEFIT快速平衡重建及控制接口；未找到可核验的完整PCS软件栈、驱动、调度和安全/保护架构公开文档。,预印本报告约0.268 ms计算时间；该数值不是经同行评议的端到端PCS延迟，也不包含全部I/O。,原始预印本报告EXL数据上的平衡重建、装置反馈执行和时序结果，足以按作者报告记录E4/D4；来源仍标为preprint，且在期刊评议、代码开放与独立复现前不得上调可信度或外推到完整PCS。,EXL研究性验证；完整部署边界未公开。,预印本、无公共代码、缺端到端时序与独立复现；不能据此推断EXL完整PCS成熟度。,可作为模型、状态、控制策略或验证证据接入控制数字孪生，但需版本、配置与适用域治理。,A Novel Numerical Algorithms Optimization Method with Machine Learning Frameworks: Application on Real-time Plasmas Equilibrium Reconstruction in EXL-50U Spherical Torus | Overview of EXL-50 research progress,https://arxiv.org/abs/2601.12378 | https://doi.org/10.1088/1741-4326/adf239,PTEFIT,,not-public
CPT-031,WEST人工智能热事件实时监测,AI real-time thermal-event monitoring on WEST,2025,T0,T5 | T7 | T4,WEST,E3,D3,固定ROI和阈值难以覆盖移动、形态多变的热点和杂散热事件。,对实时IR图像进行AI检测、定位和事件特征化，在WEST C9战役部署；热事件/打击线分析约30 fps，紧凑CNN电弧检测超过100 fps，并与PCS加热指令接口集成。,热事件约33 ms一帧；电弧检测低于10 ms一帧,WEST C9战役实时运行与事件回放。,系统在C9实时处理大量IR视频并接入PCS指令通道；论文表述为向反馈控制铺路，故保守不计作已证明的自动闭环保护。,实时检测不等于安全认证；分布漂移、相机故障和未知事件需保守回退到独立保护。,适合作为感知增强层和影子告警，但不应绕过硬保护链。,Real-time monitoring system for detection and characterization of thermal events on WEST Tokamak: Implementation and first results,https://doi.org/10.1016/j.fusengdes.2025.114960,WEST AI thermal-event detector,,not-public
CPT-043,DIII-D高带宽边缘涨落约束模式CNN识别,CNN confinement-regime detection from high-bandwidth edge fluctuations on DIII-D,2024,T0,,DIII-D,E2,D2,L/H/ELM状态包含微秒到毫秒的边缘涨落结构，传统低频标量可能丢失前兆。,对1 MHz BES边缘涨落短窗训练CNN，区分约束状态并评估未来FPGA实时化。,约1 ms数据窗；1 MHz原始采样,330个放电训练/开发，44个未见放电测试。,未见放电F1约0.94；论文提出FPGA集成路线，但不应描述为已实时闭环。,BES诊断并非所有装置可用；域漂移、通道失效和FPGA定点误差尚待验证。,可作为高带宽感知插件，但需与低带宽状态估计进行时间对齐和证据分层。,Real-time confinement regime detection in fusion plasmas with convolutional neural networks and high-bandwidth edge fluctuation measurements,https://doi.org/10.1088/2632-2153/ad605e,DIII-D BES regime CNN,,not-public
PCS-038,MEQ实时平衡重建、前馈与磁控制工具箱,,2024,T0,T2,TCV,E4,D4,以统一、可测试代码支持离线/实时平衡、线圈—等离子体响应和磁控制设计，缩短从分析到PCS部署的距离。,MATLAB与C实现；LIUQE用于平衡重建，FGE/FGS等用于响应与场景计算，FBT支持前馈/反馈磁控制；与TCV Simulink/MARTe2链集成。,TCV LIUQE公开综述给出1 ms重建周期；其他MEQ组件应按配置独立测量。,TCV长期实时重建/控制与开源测试；装置迁移仍需新几何、磁标定和实验对照。,TCV生产控制及公开研究工具。,MATLAB部分需要商业环境；跨装置不能直接复用TCV标定和控制矩阵；轴对称平衡有物理边界。,可作为模型、状态、控制策略或验证证据接入控制数字孪生，但需版本、配置与适用域治理。,Overview of the TCV digital real-time plasma control system and its applications,https://doi.org/10.1016/j.fusengdes.2024.114640,MEQ,https://gitlab.epfl.ch/spc/public/meq/meq,official-direct
CTL-CORE-024,ASDEX Upgrade/TCV RAPDENS 密度剖面观测与闭环,Model-based real-time electron-density profile estimation and control on ASDEX Upgrade and TCV,2019,T0,T3,ASDEX Upgrade：高密度颗粒加料；装置闭环实验 | TCV：集成压力/q 控制中的密度保持；装置闭环实验,E4,D4,干涉仪只给线积分且可能跳周，Thomson 低频；长脉冲需要在诊断故障下仍获得核心/边缘密度并控制燃料。,1.5D 粒子输运模型+合成诊断+动态观测器融合干涉仪、Thomson/反射计等；同一模型用于控制器预调并系统处理诊断失效。,观测/燃料控制通常 10–100 ms；粒子输运预测为百毫秒至秒。,跨两装置实时/闭环实验。,AUG 高密度颗粒放电中更可靠地估计核心密度；TCV 中即使 ECCD 功率时变也维持近恒定密度，并向 EC 射线追迹等下游服务提供密度。,边缘边界条件和粒子源/回收模型决定长期偏差；跳周检测、颗粒沉积和壁库存不确定性仍可能共因失效。,提供理想的多率传感融合范例：孪生必须显式处理缺测/跳周，并把壁回收作为可估计慢状态。,Model-based real-time plasma electron density profile estimation and control on ASDEX Upgrade and TCV | Control-oriented modeling of the plasma particle density in tokamaks and application to real-time density profile reconstruction,https://doi.org/10.1016/j.fusengdes.2019.05.030 | https://doi.org/10.1016/j.fusengdes.2017.11.006,RAPDENS,,not-public
CTL-CORE-019,EAST POINT 约束 P-EFIT 的实时电流与 q 剖面重建,Real-time current-profile reconstruction with POINT-constrained P-EFIT on EAST,2018,T0,T3,EAST：长脉冲内部电流剖面；实验数据时间片与仿真回放；论文时尚未报告由其驱动的 q 闭环,E3,D3,仅用外部磁测量难可靠识别内部电流/q 剖面，制约先进场景闭环。,GPU P-EFIT 同化磁诊断和 POINT 偏振干涉仪的 Faraday 旋转/线积分密度信息，在 65×65 网格上实时求解。,约 0.7 ms/时间片。,实时能力与装置数据离线/实验仿真验证。,磁+POINT 输入在约 0.7 ms 内给出合理电流和 q 剖面，达到实时剖面控制的计算预算。,Faraday 旋转反演依赖密度、光路和标定；论文验证重点是速度/合理性，而非长脉冲闭环与不确定度覆盖率。,可作为磁—内部诊断融合状态服务；孪生应同时发布诊断覆盖、残差和与磁-only 重建的分歧。,Development of real-time plasma current profile reconstruction with POINT diagnostic for EAST plasma control,https://doi.org/10.1016/j.fusengdes.2017.05.005,P-EFIT/POINT integration,,not-public
CTL-CORE-023,TCV RAPTOR 快速 q 剖面预测与观测器,"RAPTOR real-time q-profile simulation, estimation and control service",2017,T0,T3,TCV：q/β 剖面控制与场景规划；实时系统、控制器测试环境与闭环实验 | JET/ITER：模型比较和设计研究；离线/仿真,E4,D4,电流扩散比磁形状慢但状态维度高，需在实时预算内预测 q 演化并融合有限诊断。,1.5D 磁通扩散和简化能量/源模型，解析/自动获得雅可比，用扩展 Kalman 滤波或优化融合 LIUQE、MSE/ECE 等，支持在线预测和 MPC。,典型 1–10 ms 计算周期；预测视野可覆盖 0.1–数秒电流扩散。,TCV 实时部署且进入闭环控制链。,使 TCV 能在缺少连续内部电流诊断时运行模型预测 q 控制；与 LIUQE/密度观测器组成动态剖面状态服务。,q 估计会受运输/源模型偏差支配；当无内部诊断时，闭环可能精确跟踪模型而不是真实 q。,动态状态服务应同时输出测量更新量、纯预测量和协方差，并定期以离线动力学平衡/内部诊断纠偏。,Real-time simulation of internal profiles in tokamak plasmas using RAPTOR | Profile control simulations and experiments on TCV,https://doi.org/10.1016/j.fusengdes.2010.12.001 | https://doi.org/10.1088/1741-4326/aa8c48,RAPTOR | TORAX, | https://github.com/google-deepmind/torax,not-public | official-enabling
PCS-007,RAPTOR实时状态观测器与剖面控制链,,2017,T0,T3,TCV | ASDEX Upgrade | RFX-mod,E4,D4,电流密度、电子温度和密度剖面无法由有限诊断直接、稳定地实时获得，而剖面控制需要动态状态估计。,1D控制导向输运模型结合实时平衡和测量，用EKF/状态观测思想更新剖面；可在Simulink/MARTe或装置DCS内运行。,以毫秒至几十毫秒剖面时间尺度运行；具体装置和方程集不同，公开资料不支持给出统一最坏周期。,TCV有实时观测和MPC闭环实验；AUG和RFX-mod有框架集成与对照，证据强度按装置分别解释。,TCV生产实时；AUG/RFX-mod实时集成。,输运闭合、源项和边界约化；状态估计依赖诊断可用性与模型失配处理；不能替代独立高保真验证。,可作为模型、状态、控制策略或验证证据接入控制数字孪生，但需版本、配置与适用域治理。,Distributed digital real-time control system for the TCV tokamak and its applications | Integration of the state observer RAPTOR in the real-time MARTe framework at RFX-mod,https://doi.org/10.1088/1741-4326/aa6120 | https://doi.org/10.1016/j.fusengdes.2017.04.122,RAPTOR,,not-public
CTL-CORE-017,TCV LIUQE 实时平衡与通量面状态服务,LIUQE real-time equilibrium reconstruction on TCV,2015,T0,,TCV：全构型实时平衡；长期实时运行并服务闭环,E4,D4,形状和剖面控制需要在高伸长、强真空室像电流下实时识别电流密度、边界和通量面平均量。,迭代求解 Poisson/Grad–Shafranov 问题，线性参数化等离子体电流密度，并用实验辨识的真空室模型补偿涡流；实时轮廓算法输出 1.5D 运输所需通量面量。,28×65 网格、133 个测量的完整周期短于 200 μs。,实时生产级状态估计，装置闭环间接验证。,在完整空间网格和全部磁测量下低于 200 μs，输出边界、形状及通量面平均量，直接支撑 TCV 形状控制、q 控制和 RAPTOR 耦合。,磁测量对核心 q/压力约束弱；模型误差和真空室状态可产生系统偏差，且确定性输出没有自动给出校准 UQ。,应被实现为带时间戳、输入质量位、求解残差、模型版本和 UQ 的权威状态 API，而非只输出一张平衡图。,Tokamak equilibrium reconstruction code LIUQE and its real time implementation,https://doi.org/10.1016/j.fusengdes.2014.09.019,LIUQE/LIUQE-RT | FreeGSNKE, | https://github.com/FusionComputingLab/freegsnke,not-public | official-enabling
CTL-CORE-022,KSTAR 实时 MSE 电流/q 剖面测量链,Real-time MSE measurements for current-profile control on KSTAR,2012,T0,T3,KSTAR：高性能场景内部磁场；诊断实时实现与实验数据,E3,D3,仅靠外部磁测量不能约束核心 q，必须把 MSE 偏振角稳定、快速地送入实时平衡/剖面控制。,面向实时的 MSE 标定与快速分析，减少经验参数和外界影响；用多通道磁场俯仰角约束平衡。,诊断处理面向 10–100 ms 级剖面控制。,实时诊断链 E3；论文不宣称完整 q 闭环。,建立了实时 MSE 所需的鲁棒标定和快速算法，为 KSTAR q 剖面闭环补上核心状态观测。,依赖 NBI、光学标定和 Stark 模型；信号缺失会使核心 q 再次欠约束，需观测器退化模式。,孪生的 q 状态必须附带诊断来源和覆盖度；MSE 有/无时应发布不同置信等级，而非无缝填补。,Real-time MSE measurements for current profile control on KSTAR,https://doi.org/10.1063/1.4732854,KSTAR real-time MSE analysis,,not-public
CTL-CORE-021,KSTAR 有限电流元实时边界重建,Finite-current-element real-time boundary reconstruction for KSTAR,2007,T0,T2,KSTAR：设计阶段及早期形状识别；理想/含噪合成测量仿真,E1,D2,KSTAR 形状控制需在有限磁测量、涡流和测量噪声下快速识别边界，并指导诊断布置。,改进有限电流元 FCE 表示等离子体电流分布，通过磁测量反演边界；扫描噪声与测量组合评估可观测性。,目标为实时毫秒级；论文重点是算法/诊断设计仿真。,仿真设计研究，不应标为 KSTAR 运行中的权威重建器。,理想条件下报告约 7 mm 边界精度，并指出 PF 电流测量误差对形状识别影响显著，为磁诊断配置提出指南。,7 mm 为理想/合成场景结果；真实涡流、铁磁效应、传感器漂移和非轴对称误差会降低精度。,状态服务验收应区分合成可辨识度和真实数据误差，并将诊断/线圈电流标定作为模型输入而非常数。,Real-time plasma boundary reconstruction in the KSTAR tokamak using finite element method,https://doi.org/10.1016/j.fusengdes.2006.09.003,KSTAR FCE boundary code,,not-public
CTL-CORE-020,JET/托卡马克 EQUINOX 实时平衡与剖面重建,Equinox real-time equilibrium and profile reconstruction,2004,T0,T3,JET：实时平衡/剖面；装置实时应用 | Tore Supra：实时平衡；装置应用 | ITER：预测研究；几何/合成数据测试,E3,D4,需用统一物理模型在不同托卡马克上实时识别边界和电流源项，并可逐步加入内部诊断。,固定点求解非线性 Grad–Shafranov 方程，以最小二乘拟合磁场测量和边界通量；解析/数值结构便于在 JET、Tore Supra 和 ITER 几何间迁移。,面向实时控制的毫秒至数十毫秒实现。,JET/Tore Supra 实时应用；ITER 仅预测。,展示同一求解框架跨机器应用，并成为 JET 高级实时 q/剖面控制状态链的一部分。,早期论文对实时延迟、异常诊断和跨机 UQ 报告有限；统一方程不代表统一诊断几何或误差模型。,跨装置孪生应复用接口、坐标和验证协议，而不是假设同一重建参数可直接搬运。,New applications of Equinox code for real-time plasma equilibrium and profile reconstruction for tokamaks,https://arxiv.org/abs/physics/0411181,EQUINOX,,not-public
CTL-CORE-018,DIII-D rtEFIT 实时平衡重建服务,Real-time EFIT equilibrium reconstruction for DIII-D PCS,2003,T0,T9,DIII-D：边界和动力学平衡；长期实时运行 | EAST/KSTAR/NSTX/MAST：派生 RT-EFIT 部署；各设施实现,E4,D4,控制器需要毫秒级 LCFS、X 点、q 和内部形状量，而离线 EFIT 计算过慢。,对 EFIT 的 Grad–Shafranov 迭代、网格和约束进行实时化，利用磁测量并可引入 MSE 等内部诊断；结果写入 PCS 供 ISOFLUX、NTM 和剖面控制共享。,典型 1–几 ms，具体取决于网格和诊断集。,生产级实时服务并由多类闭环间接验证。,形成跨装置影响最大的实时平衡范式；DIII-D 中直接支撑 ISOFLUX、实时 MSE 平衡、NTM 镜面定位和剖面控制。,不同 rtEFIT 分支并非同一版本；核心剖面受诊断覆盖限制，异常测量可污染多个下游控制器，存在共因故障。,数字孪生必须对 rtEFIT 做版本和血缘治理，并用独立重建/合成诊断定期挑战，避免共享状态服务成为单点真理故障。,Advanced tokamak operation using the DIII-D plasma control system,https://doi.org/10.1016/S0920-3796(03)00322-3,rtEFIT | TokSys, | ,not-public | not-public
PCS-032,GSPulse可微Grad–Shafranov脉冲设计与反馈仿真,,2025,T1,T2,SPARC | NSTX-U | MAST-U,E2,D2,传统自由边界平衡/电路仿真难以在自动微分与优化中高效求梯度，限制端到端脉冲设计和控制器联合优化。,JAX实现的可微自由边界GS求解器与线圈/被动结构模型；支持轨迹优化、反馈仿真及与实验装置几何对照。,离线设计与仿真为主；公开论文不把它声明为生产PCS的硬实时内核。,作者报告NSTX-U、MAST-U平衡/轨迹对照并用于SPARC场景设计；SPARC部分仍是设计验证。,公开研究代码；SPARC设计工具链。,平衡模型不是完整运输/MHD/执行器/诊断数字孪生；硬实时、软件安全、确定性内存和真机I/O尚非公开目标。,可作为模型、状态、控制策略或验证证据接入控制数字孪生，但需版本、配置与适用域治理。,GSPulse: A differentiable free-boundary Grad-Shafranov solver for tokamak pulse design and control,https://arxiv.org/abs/2506.21760,GSPulse_public,https://github.com/jwai-cfs/GSPulse_public,official-direct
PCS-037,DINA/ DINA-IMAS非线性自由边界放电与控制设计,,2025,T1,T2 | T7,ITER | JT-60SA | EAST | HL-2M | 多装置,E2,D2,评估线圈、电源、被动结构和轴对称等离子体强耦合动态，用于脉冲场景、垂直稳定、形状控制和破裂响应设计。,非线性自由边界MHD/电路模型与控制器、执行器和事件耦合；DINA-CH等分支用于闭环仿真，DINA-IMAS以IMAS接口公开。,主要用于离线或加速控制设计；模型细节和数值设置决定是否能实时，不能统一声称硬实时。,长期通过多装置场景与控制研究、ITER/JT-60SA设计比较；公开DINA-IMAS使接口和部分实现可审计，但装置专用参数仍需验证。,控制设计与场景验证，不等同于生产PCS。,轴对称模型不覆盖全部3D MHD、湍流、材料和诊断退化；参数辨识与跨装置配置是主要成本。,可作为模型、状态、控制策略或验证证据接入控制数字孪生，但需版本、配置与适用域治理。,DINA-CH: A tokamak plasma control simulation code,https://doi.org/10.1016/j.fusengdes.2005.06.284,DINA-IMAS,https://github.com/iterorganization/DINA-IMAS,official-direct
CTL-CORE-003,EAST 1056 秒全非感应运行的零环电压与磁控制,Real-time plasma control of fully non-inductive operation in the EAST 1056 s discharge,2023,T1,,EAST：全非感应长脉冲；1056 s 装置闭环放电,E4,D4,长脉冲中磁积分器漂移、壁状态演化和电流扩散会破坏位置、形状和非感应电流平衡。,实时平衡/形状控制与等离子体电流控制并行，以 LHW 功率闭环调节环电压到零；采用无积分漂移的光纤电流传感器提高长脉冲电流测量可靠性。,磁位置/形状毫秒级；LHW—环电压与电流扩散为百毫秒至秒级；总体运行 1056 s。,真实超导托卡马克长脉冲闭环。,报告了 1056 s 全非感应放电、超过 1.7 GJ 注入—提取能量，位置/形状维持在毫米量级，并以 LHW 实现零环电压调节。,会议资料未给出完整误差预算、控制器参数与故障统计；单次纪录放电不能替代跨壁状态和跨年度的可用率验证。,是长脉冲孪生的关键范例：状态估计必须解决漂移，电流/形状/加热要跨时间尺度协同，并把壁状态作为慢变量。,Real-time plasma control of fully non-inductive operation in EAST 1056 s long pulse discharge | Realization of Te0 > 10 keV long pulse operation over 100 s on EAST,https://conferences.iaea.org/event/258/contributions/24800/ | https://doi.org/10.1088/2058-6272/ac9cc6,EAST PCS / P-EFIT | Py-EFIT, | ,not-public | not-public
CTL-CORE-002,JT-60SA 击穿与电流爬升运行场景,Operation scenarios for plasma breakdown and current ramp-up in JT-60SA,2015,T1,,JT-60SA：半预磁化与全预磁化启动方案；TOSCA 电磁仿真,E1,D2,超导装置预磁化、真空室/稳定板涡流和杂散场会限制击穿窗口，需形成可重复且不过载的启动轨迹。,以 TOSCA 三维电磁场计算评估半/全预磁化方案，优化 PF/EF 线圈波形并验证击穿区杂散场、环电压与初始垂直场条件。,击穿前后为毫秒至百毫秒；电流爬升为秒级。,工程/等离子体启动设计仿真；论文不等同于装置闭环实验。,计算表明击穿期导体涡流可与约 600 kA 等离子体电流同量级，优化后的两类场景仍能满足启动条件，并给出外侧 EF 线圈补偿涡流垂直场的策略。,主要验证电磁可行性，未完整耦合烧穿、壁条件不确定性与实时状态估计；首等离子体后的装置实测还需反标模型。,说明启动孪生不能只有 0D 电流模型，必须纳入三维涡流、磁体电源和击穿可行域，并在每次放电后更新杂散场模型。,Development of operation scenarios for plasma breakdown and current ramp-up phases in JT-60SA tokamak,https://doi.org/10.1016/j.fusengdes.2015.06.138,TOSCA,https://www.3ds.com/products/simulia/opera,commercial-enabling
CTL-CORE-001,ITER 电流爬升阶段的 DINA 分层磁控制,Design and modeling of ITER plasma magnetic control during current ramp-up,2010,T1,,ITER：15 MA 基线场景设计；非线性 DINA 闭环仿真,E1,D2,在强真空室涡流、PF/CS 电压与电流约束以及垂直不稳定并存时，使等离子体电流、形状和位置从击穿后阶段连续过渡到平顶。,内层磁体电流解耦，外层以伪逆分配和 PII 控制跟踪等离子体电流/形状，另设垂直速度 P 控制；控制器直接与非线性 DINA 自由边界模型闭环。,垂直稳定为毫秒至十毫秒；电流爬升与形状轨迹为秒至百秒级（ITER 场景）。,控制器—DINA 闭环仿真；尚无 ITER 实验。,展示了从爬升跟踪到准稳态无需改变总体控制结构的可行性，并把线圈电流回路、等离子体形状/电流回路和垂直稳定回路明确分层。,仿真结果依赖 DINA 场景、涡流和执行器模型；击穿与烧穿等原子过程被简化，尚未覆盖诊断故障、通信抖动和真实电源保护逻辑。,可作为 DINA/MEQ 切入数字孪生的首个模板：将场景轨迹、状态估计、线圈约束、闭环结果和版本化模型放入同一可回放服务。,Design and Modeling of ITER Plasma Magnetic Control System in Plasma Current Ramp-Up Phase on DINA Code,https://doi.org/10.1109/CDC.2009.5400897,DINA | ITER PCSSP, | https://github.com/iterorganization/PCSSP,not-public | official-enabling
CTL-CORE-004,DIII-D 电流爬升期安全因子剖面形成控制,Feedback control of safety-factor-profile evolution during advanced-scenario formation in DIII-D,2006,T1,T0 | T3,DIII-D：高 qmin 先进托卡马克场景形成；装置闭环实验,E4,D4,高 qmin 稳态场景需要在电流爬升早期形成弱反剪切/宽电流剖面；纯前馈对密度、温度和电流扩散误差敏感。,实时 MSE 约束的 rtEFIT 提供 q 剖面特征，以等离子体电流斜率和加热/电流驱动功率作反馈执行量，调节 qmin/剖面演化。,电流扩散与场景形成约 0.1–数秒；PCS 内部采样更快。,真实装置专项闭环，验证目标是场景形成而非全脉冲自治。,早期实验表明能以反馈改变安全因子演化并提高高 qmin 场景的重复性，为后续 q+能量多变量控制建立了诊断和 PCS 链路。,MSE 可用率、早期时段平衡不确定度和执行器饱和限制可控性；控制特征不等同于完整 q(r) 的任意整形。,提示孪生应将 ramp-up 视为可达性优化问题：目标剖面、执行器轨迹、状态置信度与最终场景成功率必须联结。,Feedback control of the safety factor profile evolution during formation of an advanced tokamak discharge,https://doi.org/10.1088/0029-5515/46/12/L01,DIII-D PCS/rtEFIT/TokSys,,not-public
CTL-CORE-013,TCV 首次实验性模型预测形状控制,First experimental demonstration of plasma shape control through MPC,2025,T2,,TCV：受约束形状跟踪；仿真与真实装置闭环,E4,D4,传统形状控制难显式处理线圈、电源和形状输出约束，也难在大目标转换中优化瞬态。,MEQ/fge 线性化等离子体响应与 TCV 核心磁控制状态空间模型耦合；上层 MPC 每周期求解二次规划，优化内层控制参考并施加输出约束。,内层约 10 kHz；MPC 作为较慢上层参考优化器，毫秒量级。,真实装置专项实验；截至论文为首次 tokamak MPC 形状实证。,在保留成熟内层磁控制的同时，用实时 QP 改善形状目标跟踪并显式满足输出约束，验证了分层 MPC 而非替换全部底层回路的路线。,线性模型与有限预测域限制大扰动外推；求解器最坏时延、不可行问题处置和电源内部约束仍需装置级验证。,非常适合作为 DINA/MEQ 控制服务的下一步：孪生给 MPC 提供预测模型、约束和不确定度，底层 PCS 保留确定性稳定功能。,First experimental demonstration of plasma shape control in a tokamak through Model Predictive Control,https://arxiv.org/abs/2506.20096,MEQ/fge | PCSSP, | https://github.com/iterorganization/PCSSP,not-public | official-enabling
CTL-CORE-012,TCV 深度强化学习统一磁控制,Magnetic control of tokamak plasmas through deep reinforcement learning,2022,T2,,TCV：常规、伸长、负三角度、雪花、双等离子体等；多组装置闭环实验,E4,D4,传统控制器常按形状和阶段分别设计，面对 19 路耦合线圈、构型转换和雪花/负三角度等目标时工程量大。,在自由边界模拟器中用非对称 actor–critic/MPO 训练策略，域随机化覆盖模型偏差；策略以 10 kHz 读取磁/线圈状态并直接输出 19 路电压命令，零样本迁移到 TCV。,10 kHz，即 100 μs 控制周期。,真实装置零样本 sim-to-real 闭环。,单一学习框架完成多种传统与先进形状、构型转换及双等离子体控制，策略编译后满足 10 kHz 实时约束。,未给出形式化稳定/约束保证；有效域由模拟器和随机化决定，策略权重、训练集与装置接口未开放，且实验保护仍由传统系统承担。,说明高保真但实时可承受的训练孪生可自动生成控制策略；工程上仍应采用安全投影、传统回退和适用域监测。,Magnetic control of tokamak plasmas through deep reinforcement learning,https://doi.org/10.1038/s41586-021-04301-9,"TCV RL simulator, training data and deployed policy | Acme", | https://github.com/google-deepmind/acme,not-public | official-enabling
CPT-012,EAST垂直增长率实时反馈,Real-time vertical-growth-rate feedback on EAST,2021,T2,,EAST,E4,D4,高性能形状接近垂直稳定边界，需要在线量化增长率并微调形状。,利用GPU加速模型/代理和实时平衡信息估计垂直增长率，在EAST PCS中调整边界/形状。,毫秒至数十毫秒,2019年EAST实验验证。,通过较小的形状和边界变化把增长率维持在目标附近，展示性能边界的主动管理。,对平衡重建、模型覆盖和GPU确定性延迟敏感；稳定裕度目标需与性能目标联合设定。,适合建立实时稳定裕度仪表、影子模式与闭环退让策略。,Design of real-time feedback control of vertical growth rate on EAST,https://doi.org/10.1007/s41365-021-00907-w,EAST vertical-growth feedback,,not-public
CTL-CORE-008,KSTAR 快—慢分频垂直稳定控制,Improved fast vertical control in KSTAR,2019,T2,,KSTAR：高伸长、高三角度平顶；装置实验,E4,D4,超导 PF 线圈不能快速抑制高伸长等离子体垂直不稳定，早期两磁探针估计噪声又限制反馈增益。,使用真空室内常导 IVC 线圈承担高频垂直控制，超导 PF 承担慢位置/形状；相对磁通和上下对称环电压差改善 Z 估计，高通滤波解耦快慢回路。,快垂直回路约毫秒；超导形状回路数十毫秒及以上。,真实装置闭环并用于接近垂直稳定极限的放电。,提高了 Z 估计信噪比和允许反馈增益，减少 IVC 与慢 PF 控制冲突，使接近垂直稳定极限的形状更可靠。,估计器仍依赖特定磁几何和标定；高频/低频硬切分在执行器饱和、供电故障和大 VDE 下需更强监督逻辑。,为孪生给出明确多速率架构：同一 Z 状态要有快、慢两个估计/控制通道以及带宽和权限边界。,Improved fast vertical control in KSTAR,https://doi.org/10.1016/j.fusengdes.2019.02.046,KSTAR PCS | TokSys, | ,not-public | not-public
CTL-CORE-007,EAST GPU P-EFIT 与 ISOFLUX 形状闭环,GPU-parallel equilibrium reconstruction and ISOFLUX control on EAST,2018,T2,,EAST：常规/先进形状与长脉冲；2014 专项 P-EFIT/ISOFLUX 闭环实验,E4,D4,33×33 简化 RT-EFIT 难兼顾速度和空间分辨率，长脉冲又要求可靠的实时边界/X 点输出。,以 CUDA 并行完整 EFIT 迭代，在 65×65 网格上重建平衡并通过实时共享内存馈入 ISOFLUX 控制。,重建约 0.7–1 ms；形状回路毫秒级。,实时 PCS 集成并完成装置闭环。,65×65 P-EFIT 满足控制时限；P-EFIT/ISOFLUX 在 EAST 专项实验中成功建立闭环，后续磁+POINT 版本在约 0.7 ms 提供电流/q 剖面。,GPU 时延并非唯一风险；长脉冲磁漂移、POINT 标定、单 GPU 故障和版本一致性需要系统级冗余。,展示了‘高分辨率状态服务—控制器’协同；孪生应记录每周期输入覆盖、求解残差、运行时和回退到低阶重建的触发条件。,Implementation of GPU parallel equilibrium reconstruction for plasma control in EAST | Development of real-time plasma current profile reconstruction with POINT diagnostic for EAST plasma control,https://doi.org/10.1016/j.fusengdes.2016.02.048 | https://doi.org/10.1016/j.fusengdes.2017.05.005,P-EFIT,,not-public
CTL-CORE-014,DIII-D 雪花偏滤器双零点实时控制,Initial development of the DIII-D snowflake divertor control,2018,T2,T5,DIII-D：snowflake / snowflake-plus/minus；装置闭环实验,E4,D4,雪花构型的两个相近一阶零点对等离子体电流和 PF 扰动高度敏感，普通边界控制不能稳定二阶零点几何。,实时在偏滤器局部展开 Grad–Shafranov 方程求两个零点位置，解析推导 PF 电流变化到零点位移的线性关系，并多线圈同步反馈。,磁几何控制为毫秒至十毫秒；热负荷响应为能量约束时间至秒。,真实装置先进偏滤器构型闭环。,同时控制两个零点，在多种 DIII-D 场景中维持雪花；代表性结果报告峰值热流约降低 2.5 倍并保持 2–3 s，未见明显核心性能损失。,局部线性化在零点拓扑变化和诊断噪声下敏感；磁几何成功不保证脱靶、杂质和材料温度长期安全。,应把‘拓扑指标’作为一等状态：零点阶数、距离、通量扩张和热流证据要与 PF 裕度同步展示。,Initial development of the DIII-D snowflake divertor control,https://doi.org/10.1088/1741-4326/aab0d3,DIII-D snowflake controller / PCS | TokSys, | ,not-public | not-public
CTL-CORE-011,MAST rtEFIT 实时磁形状控制链,New magnetic real-time shape control for MAST,2014,T2,T0,MAST：常规形状；面向 MAST-U 扩展；2011–2012 装置专项闭环,E4,D4,仅凭中平面 Dα 光学相机只能控制外半径，无法为 MAST-U Super-X 等复杂偏滤器构型提供完整边界/X 点控制。,rtEFIT 重建边界，FIESTA 计算静态形状—线圈关系，CREATE-L 生成闭环状态空间模型；实际 PCS 控制代码直接置于仿真回路中调参和调试。,磁重建和形状回路为毫秒级。,真实装置闭环，且完成控制代码在环预验证。,建立了从 FIESTA/CREATE-L 到 PCS 的完整设计—仿真—实现链，专项实验成功使用 rtEFIT 形状控制，为 MAST-U 偏滤器控制奠定基础。,静态响应和线性状态空间模型在大构型变化下需重新验证；旧 MAST 成果不能自动代表 MAST-U Super-X 全运行域。,是‘相同控制二进制在仿真和装置中运行’的典型，适合作为数字孪生控制服务验收基线。,New magnetic real time shape control for MAST,https://arxiv.org/abs/1310.8450,FreeGSNKE | FIESTA/CREATE-L/MAST PCS,https://github.com/FusionComputingLab/freegsnke | ,official-enabling | not-public
CTL-CORE-016,ITER 分层电流—位置—形状与垂直稳定控制,"Plasma current, shape and position control in ITER",2014,T2,T9,ITER：15 MA 基线与燃烧阶段；线性/非线性模型和 PCSSP/CREATE-NL+/DINA 仿真,E1,D3,燃烧阶段必须避免高温等离子体触壁，同时应对 H–L 转换、β 下降、VDE 与超导 PF/电源饱和。,快速内层 VS 使用在真空室内线圈稳定垂直模；外层 SC 控制等离子体电流、位置及多个壁间隙/打击点，结合抗饱和与线圈电流限制逻辑。,VS 为毫秒级；外层形状/电流为数十毫秒至秒级。,设计级仿真；ITER 尚无等离子体实证。,经典设计显示可在约 15 cm 间隙扰动和 0.2 级 poloidal-beta 下降后恢复形状；后续研究比较 SOF/LQG VS 并优化 VDE 后恢复。,所有性能仍为模型预测；真实诊断延迟、辐照退化、超导电源异常和三维误差场会改变闭环裕度。,是分层控制孪生的参考架构；必须严格标注‘设计验证’而非‘装置验证’，并保存每个扰动用例和饱和证据。,"Plasma Current, Shape, and Position Control in ITER | Improving magnetic plasma control for ITER",https://doi.org/10.13182/FST96-A30749 | https://doi.org/10.1016/j.fusengdes.2013.12.034,ITER PCSSP | CREATE-NL+/DINA,https://github.com/iterorganization/PCSSP | ,official-enabling | not-public
CPT-009,ITER显式MPC垂直稳定,Explicit MPC vertical stabilization for ITER,2013,T2,,ITER,E1,D2,ITER垂直稳定需同时使用快慢执行器并满足电压、电流和热约束。,把有限时域MPC离线求解为分段仿射显式控制律，协调真空室内欧姆执行器和超导PF线圈。,亚毫秒至数毫秒快速回路；慢执行器更长,ITER模型数值仿真；未在ITER等离子体上验证。,显式MPC可把热和电气限制直接写入控制律，为实时约束处理提供设计依据。,依赖线性化模型与状态估计，组合区数量、模型偏差和故障情景会增加认证难度；非实验结果。,是约束可行域、模型版本和控制律认证应进入数字孪生证据链的直接案例。,Vertical stabilization of ITER plasma using explicit model predictive control,https://doi.org/10.1016/j.fusengdes.2013.02.021,ITER eMPC design implementation,,not-public
CPT-008,JET增强垂直稳定系统首等离子体运行,Enhanced vertical-stabilization system operation on JET,2011,T2,T7 | T6,JET,E4,D4,高伸长等离子体垂直不稳定增长快，升级后需要更强的径向场放大器与可靠保护链。,基于等离子体/电源/导体模型设计增强VS，采用离线验证、逐级通电和等离子体调试，闭环驱动快速线圈。,亚毫秒至数毫秒,模型、离线测试和JET首等离子体运行。,增强VS完成分阶段投运并进入装置运行，是快速控制工程化和机器保护协同的成熟案例。,JET特定导体、电源和磁诊断模型不可直接移植；饱和时仍需安全终止层接管。,说明快速孪生应覆盖电源饱和、线圈/真空室涡流、延迟和投运证据。,First plasma operation of the enhanced JET vertical stabilisation system,https://doi.org/10.1016/j.fusengdes.2011.03.122,JET enhanced VS controller,,not-public
CTL-CORE-010,JET 极限形状控制器 XSC,"Design, implementation and test of the eXtreme Shape Controller in JET",2005,T2,,JET：极限形状与多类实验场景；装置闭环实验,E4,D4,高三角度、高伸长与靠壁场景中，传统少量形状量控制难以充分利用 PF 能力并避免线圈饱和。,基于线性响应模型和奇异值分解选择可控形状方向，XSC 同时调节多个等磁通/间隙目标，并与 JET 现有垂直/电流回路级联。,形状回路约毫秒至十毫秒；垂直内环更快。,真实装置闭环并融入实验运行。,实现比传统控制更高维的形状调节，在复杂和极限构型上验证了 SVD 控制方向选择与抗饱和设计。,线性响应随 β、内感和构型改变；SVD 截断提高鲁棒性但牺牲部分形状自由度，且不能单独保证 PFC 热安全。,应在孪生中展示可控/不可控形状子空间、奇异值和线圈裕度，让操作者理解目标为何不可同时达到。,"Design, implementation and test of the XSC extreme shape controller in JET",https://doi.org/10.1016/j.fusengdes.2005.06.290,JET XSC/real-time boundary code | PCSSP, | https://github.com/iterorganization/PCSSP,not-public | official-enabling
CTL-CORE-006,DIII-D rtEFIT—ISOFLUX 位置与复杂形状控制,Advanced tokamak operation using the DIII-D PCS with rtEFIT/isoflux control,2003,T2,T0 | T9,DIII-D：常规与高形状、多种单/双零拓扑；长期装置运行,E4,D4,需在 β 变化、涡流和多线圈耦合下保持 LCFS、X 点、间隙与高伸长形状，并支持多种拓扑。,rtEFIT 实时求解 Grad–Shafranov 平衡；ISOFLUX 以边界控制点等磁通为误差，经响应矩阵/伪逆把形状需求分配到 PF 线圈。,平衡/形状回路通常 1–10 ms；垂直稳定更快。,常规生产控制能力。,支持高凹度、双零、上下单零、高三角度和高方形度等构型，是后续雪花、剖面和稳定性控制的状态/执行基础。,rtEFIT 继承诊断标定与轴对称假设；边界误差小不保证内部 q/压力、热负荷或三维扰动安全。,应被封装为高频‘权威磁状态服务’，并让快模型与离线高保真 EFIT/动力学平衡持续交叉校验。,Advanced tokamak operation using the DIII-D plasma control system,https://doi.org/10.1016/S0920-3796(03)00322-3,TokSys | FreeGSNKE, | https://github.com/FusionComputingLab/freegsnke,not-public | official-enabling
CTL-CORE-009,ASDEX Upgrade 多变量位置、形状与打击点控制,"Multivariable position, shape and strike-point control on ASDEX Upgrade",2003,T2,T8,ASDEX Upgrade：限制器、偏滤器与先进场景；长期装置运行,E4,D4,PF 线圈位于 TF 线圈外、距等离子体较远，每个线圈对多种形状量都有全局影响，同时还受电流、力和电源饱和约束。,磁测量函数参数化快速给出平衡量；矩阵 PID/PI 动态解耦局部和全局形状，内线圈快位置、外线圈慢形状，并显式处理饱和/负载平衡。,垂直/位置毫秒级；形状和打击点数毫秒至十毫秒；监督约 10 ms。,装置常规生产控制。,早期即在约 800 kA、伸长约 1.7 的放电中成功；随后扩展到三角度与偏滤器打击点多变量控制，并进入统一 DCS。,参数化重建的外推性取决于训练/标定域；打击点几何控制不等于脱靶或热负荷控制。,证明控制孪生需要同时保存局部几何、全局形状、线圈力/饱和和监督状态，而不能只展示 LCFS。,Position and shape control on ASDEX-Upgrade | Chapter 3: Plasma Control in ASDEX Upgrade,https://doi.org/10.1016/B978-0-444-89995-8.50202-2 | https://doi.org/10.13182/FST03-A401,ASDEX Upgrade DCS,,not-public
CTL-CORE-034,DIII-D 神经代理增强的实时电子温度剖面控制,Experimental real-time electron-temperature profile control in DIII-D,2025,T3,T0,DIII-D：多位置 Te 剖面跟踪；装置闭环实验,E4,D4,Thomson 低频且有噪，传统运输/沉积计算过慢，控制器仍需实时估计和预测 Te(r)。,动态观测器融合 Thomson 与含 NubeamNet/MMMnet 的 Te 预测模型；在 PCS 中编译代理并以 LQI/MIMO 控制空间位置上的 Te。,PCS 推理毫秒级；Thomson 多率更新；Te 响应约十至百毫秒。,真实装置闭环。,观测器保持与 Thomson 剖面形状一致并滤除大量噪声；控制器在多个径向位置跟踪 Te 目标。,代理继承训练分布和父模型误差；Thomson 缺测、模型 OOD 和多加热冲突需拒绝服务/回退策略。,是可复用的‘模型预测+稀疏测量观测器+闭环’模板，但孪生必须发布模型版本、训练域和创新残差。,Experimental demonstration of real-time electron temperature profile control in DIII-D | Optimal control of the electron temperature profile in DIII-D using machine learning surrogate models,https://doi.org/10.1088/1741-4326/adf456 | https://doi.org/10.1016/j.fusengdes.2024.114615,plasma-profile-predictor | keras2c,https://github.com/PlasmaControl/plasma-profile-predictor | https://github.com/f0uriest/keras2c,official-enabling | official-enabling
CPT-039,JT-60SA双色CO2干涉仪密度反馈,Two-color CO2 interferometer density feedback on JT-60SA,2024,T3,,JT-60SA,E4,D4,振动与相位跳变会污染长光程干涉测量，密度反馈必须同时快速和自诊断。,双色CO2激光抵消机械振动，实时处理器在约500 ns内检测超过π/2的条纹跳变并产生异常处置；反馈调节加料。,信号处理亚微秒；密度闭环毫秒至数十毫秒,JT-60SA首运行阶段实时系统与密度反馈实验。,实现密度反馈；测得密度约比参考值低16.8%±6.6%，并验证快速条纹跳变检测。,早期运行的控制误差和场景覆盖有限；光学污染、折射和长脉冲漂移仍需运行统计。,示范诊断质量标志必须与测量值同等进入控制与孪生数据契约。,Real-time processing system of a two-color CO2 laser interferometer for density feedback control in JT-60SA,https://doi.org/10.1063/5.0215877,JT-60SA interferometer RT processor,,not-public
CTL-CORE-030,DIII-D 低 NBI 转矩下 q0 与 βN 同步调节,Regulation of central safety factor and normalized beta under low NBI torque in DIII-D,2023,T3,,DIII-D：低转矩先进场景；COTSIM 非线性仿真和装置闭环实验,E4,D4,反应堆低转矩条件下仍需维持 q0 和 βN，同时避免通过共/反向 NBI 引入净转矩。,1D 电流剖面模型耦合 0D 能量平衡；在线协调共向/反向 NBI 和其他 H&CD，在 q0、βN 跟踪与近零总转矩间优化。,能量约 0.1 s；q0/电流扩散约 0.5–数秒。,真实装置专项闭环。,首次将 q0、βN 与近零 NBI 转矩作为同步目标，在 COTSIM 和 DIII-D 实验中验证。,q0 是全剖面的低维代理；低转矩 DIII-D 仍不等于 ITER 的低旋转和 alpha 自加热环境。,展示目标应包含‘副作用预算’：执行器不仅有功率，还有转矩、沉积和寿命属性，多目标分配必须可审计。,Regulation of the central safety factor and normalized beta under low NBI torque in DIII-D,https://doi.org/10.1016/j.fusengdes.2022.113363,COTSIM | DIII-D PCS, | ,not-public | not-public
CTL-CORE-038,DIII-D 数据驱动剖面预测与 MPC,Data-driven profile prediction and model-predictive control for DIII-D,2021,T3,,DIII-D：多剖面短时预测与 MPC；历史数据+PCS 实时 MPC 实验,E4,D4,高维多剖面运输求解过慢，操作者难实时探索 NBI/ECH/气体/Ip 对未来状态的组合影响。,以 2013–2018 DIII-D 数据训练循环/卷积网络，输入当前温度、密度、压力、q、旋转及执行器历史，预测约一个能量约束时间后的剖面；实时简化模型进入 MPC。,模型推理毫秒内（简化版可到亚毫秒）；预测视野约 τE。,离线大数据 E2，加上实时/闭环专项实验 E4。,平均预测准确且压力优于 q；实时版本支撑 DIII-D MPC 实验，证明数据模型可进入 PCS。,训练数据偏向常见拓扑，仓库 README 明确排除多类非标准/故障样本；q 预测最弱且训练数据并非完整公开。,公开代码使其适合作为数据驱动旁路孪生；上线必须做 OOD、诊断掉线、守恒残差和传统模型对照。,Data-driven profile prediction for DIII-D,https://doi.org/10.1088/1741-4326/abe08d,plasma-profile-predictor | keras2c,https://github.com/PlasmaControl/plasma-profile-predictor | https://github.com/f0uriest/keras2c,official-direct | official-enabling
CTL-CORE-031,DIII-D 电流剖面—βN—NTM 集成控制与权限仲裁,"Integrated current-profile, normalized-beta and NTM control in DIII-D",2019,T3,T4 | T8,DIII-D：先进场景与 NTM 抑制；装置集成闭环实验,E4,D4,ECCD/NBI 等执行器同时被 q/β 调节和 NTM 抑制需要，独立回路可能冲突并错过稳定性优先级。,PCS 中并行运行 q+βN 控制器和 NTM 检测/抑制器；监督状态机根据模态出现和优先级把 EC 权限在剖面控制与 NTM 控制间切换。,NTM 检测/镜面与功率为毫秒至百毫秒；q 为秒级。,真实装置闭环和执行器权限切换。,展示共享 EC 资源可在剖面/β控制与 NTM 抑制间实时仲裁，是从多回路并存走向集成控制的重要实证。,优先级切换可能造成慢剖面目标瞬态偏离；ECCD 沉积误差和诊断掉线需独立安全逻辑。,孪生必须记录执行器的占用者、优先级、切换原因和未满足请求，不能只记录最终功率命令。,"Integrated Current Profile, Normalized Beta and NTM Control in DIII-D | Real-time mirror steering for improved closed loop NTM suppression by ECCD in DIII-D",https://www.osti.gov/servlets/purl/1611479 | https://doi.org/10.1016/j.fusengdes.2013.02.168,DIII-D PCS integrated profile/NTM modules | plasma-profile-predictor, | https://github.com/PlasmaControl/plasma-profile-predictor,not-public | official-enabling
CTL-CORE-032,EAST q 剖面与储能鲁棒控制设计,Robust control of the current profile and plasma energy in EAST,2019,T3,T6,EAST：代表性长脉冲场景；以典型 EAST 放电定界并做非线性仿真,E1,D2,电子温度、电阻率和非感应电流模型与实验存在显著偏差，直接按名义模型设计 q+能量控制可能失稳。,磁通扩散 PDE+0D 能量平衡；把温度、电阻率和非感应源写成有界不确定参考剖面，降阶/线性化后用混合灵敏度 H∞ 和结构奇异值验证鲁棒稳定。,能量 0.1–1 s；q 扩散秒级。,历史数据定界+仿真控制；非装置闭环。,控制器在所建模的不确定集合内保持 q 与能量轨迹跟踪，并以结构奇异值检查鲁棒稳定。,不确定集合是否覆盖未见场景未被实验检验；未包括执行器故障、诊断异常和边缘/稳定性冲突。,可把不确定集合转为孪生适用域和在线鲁棒裕度，但授权闭环前必须用装置回放/HIL和实验逐级升级。,Robust Control of the Current Profile and Plasma Energy in EAST,https://www.osti.gov/servlets/purl/1611441,control-oriented EAST model,,not-public
CTL-CORE-033,KSTAR 物理模型驱动的电子温度剖面闭环,Physics-based global electron-temperature profile control in KSTAR,2018,T3,,KSTAR：0.6 MA、2 T H-mode 等场景；装置闭环实验,E4,D4,需验证 NBI/ECH 多执行器能否实时跟踪时变 Te 剖面并抵抗扰动，为后续多剖面控制铺路。,实时 ECE 每约 50 ms 给出 Te 剖面，物理响应矩阵在线将剖面误差映射到 NBI/ECH 功率，并允许实时更新响应模型。,测量/控制约 50 ms；热响应约 0.1–1 s。,真实装置剖面闭环。,在约 3.5 s 控制窗口中完成 Te 剖面目标跟踪；验证时变目标、多执行器、外扰和响应矩阵实时更新。,早期实验以 Te 为单一主剖面，q/密度/稳定性耦合尚未全面闭环；ECE 在高密度/光学厚度条件受限。,适合作为剖面控制最小闭环：实时诊断、响应模型、在线辨识与多执行器命令必须共同版本化。,Feasibility experiment of physics-based global electron temperature profile control in KSTAR,https://doi.org/10.1016/j.fusengdes.2018.06.024,KSTAR real-time profile controller,,not-public
CTL-CORE-028,TCV q/β 模型预测剖面控制,Model-predictive q-profile and beta control on TCV,2017,T3,,TCV：L-mode q/β 剖面；仿真和装置闭环,E4,D4,需在 ECCD 功率、总电流和时变执行器限值下快速跟踪逆 q 剖面和 β，同时抑制扰动。,RAPTOR 作为控制器测试环境和状态预测器；MPC 直接把时变执行器约束纳入优化，用两组 gyrotron 功率和 Ip 请求调节逆 q 与 β。,预测/控制更新约毫秒至十毫秒；被控剖面为 0.1–数秒。,真实装置闭环；q 主要为模型预测估计。,在不确定条件和扰动下跟踪逆 q 剖面与 β；显式利用时变功率限值实现快速目标转换且降低过冲。,无连续内部 q 测量时，闭环主要控制模型状态；L-mode 结果不能直接外推到燃烧 H-mode。,需要‘双估计’：实时控制估计和独立事后权威重建；两者长期偏差决定是否继续授权闭环。,Profile control simulations and experiments on TCV: a controller test environment and results using a model-based predictive controller,https://doi.org/10.1088/1741-4326/aa8c48,RAPTOR/TCV MPC | TORAX, | https://github.com/google-deepmind/torax,not-public | official-enabling
CTL-CORE-029,DIII-D 旋转变换剖面与归一化 β 的数据驱动鲁棒控制,Data-driven robust control of iota-profile and normalized-beta dynamics in DIII-D,2017,T3,,DIII-D：H-mode 平顶附近的先进场景；仿真和少量专项闭环实验,E4,D4,高性能稳态场景需同时维持电流剖面和 βN；第一性原理模型复杂且局部控制仍受饱和影响。,专门系统辨识实验建立双时间尺度线性 MIMO 模型；SVD 选通道，混合灵敏度 H∞ 合成控制器并加抗饱和。,β/能量约 0.1 s；iota/q 扩散约 0.5–数秒。,真实装置闭环但实验数量有限、仅部分成功。,完成 DIII-D 最早一批数据驱动模型式全剖面+β 控制实证；论文明确记录执行器问题、设计限制和局部模型有效域。,装置/场景特定线性模型离参考点后失准；可控性受 H&CD 可用性和 MSE 质量强烈限制。,优秀的负面证据范例：孪生不仅应保存成功指标，也应记录饱和、失配和未达目标原因以更新可控域。,Data-driven robust control of the plasma rotational transform profile and normalized beta dynamics for advanced tokamak scenarios in DIII-D,https://doi.org/10.1016/j.fusengdes.2017.01.003,DIII-D PCS/TokSys,,not-public
CTL-CORE-035,JT-60U 离子温度梯度与环向旋转剖面闭环,Real-time ion-temperature and toroidal-rotation profile control in JT-60U,2009,T3,,JT-60U：βN≈1.6–2.8 高 β/ITB；装置闭环实验,E4,D4,高 β/ITB 场景的压力梯度和旋转影响稳定性，需要快速 CXRS 和可调 NBI 转矩。,快速 CXRS 实时计算 Ti 与 Vt 剖面，以共/反向中性束反馈调节 r/a≈0.25–0.5 的 Ti 梯度和环向旋转方向/剖面。,CXRS/反馈约 10–100 ms；剖面响应约 0.1–1 s。,真实装置闭环。,实现 Ti 梯度/ITB 强度实时调节，并把 Vt 从反向控制到同向；表明压力和旋转可在相近时间尺度协同。,强依赖诊断束和 NBI 转矩能力；ITER 等大装置本征旋转低，执行器可控性不同。,应把执行器的能量与动量沉积同时建模，避免把 NBI 仅视为标量加热功率。,Real-time measurement and feedback control of ion temperature profile and toroidal rotation using fast CXRS system in JT-60U,https://doi.org/10.1016/j.fusengdes.2009.04.006,JT-60U fast CXRS/profile controller,,not-public
CTL-CORE-036,DIII-D 旋转与储能同步反馈,Simultaneous feedback control of plasma rotation and stored energy on DIII-D,2007,T3,T6,DIII-D：共/反束混合加热；装置闭环实验,E4,D4,NBI 同时注入热量和转矩，独立能量/旋转回路强耦合；需利用共/反向束解耦。,建立共/反向 NBI 对能量和转矩的物理响应模型，在 PCS 中合成 MIMO 控制器同步调节旋转和 β/储能。,约 10–100 ms 更新、0.1–1 s 等离子体响应。,真实装置闭环。,首次利用反向束能力部分解耦能量和动量并同步调节旋转与储能，成为多物理执行器模型的经典案例。,控制主要为全局量而非完整剖面；束故障或粒子沉积变化会破坏解耦。,执行器数字模型需为多输出对象，持续校准功率、转矩、粒子源和电流驱动响应。,Simultaneous feedback control of plasma rotation and stored energy on the DIII-D tokamak,https://doi.org/10.1016/j.fusengdes.2007.04.031,DIII-D PCS rotation/energy controller,,not-public
CTL-CORE-027,JET 电流与电子温度剖面集成实时控制,Model-based integrated real-time current and temperature profile control in JET,2005,T3,,JET：ITB/先进场景；装置闭环实验,E4,D4,电流、温度和压力剖面通过运输与 H&CD 强耦合，独立 SISO 回路会争夺执行器。,用 Galerkin 基压缩分布剖面；由实验辨识 MIMO 响应算子，SVD 最大化稳态解耦，并允许目标在可达非线性状态附近保持一定模糊度。,温度能量约 0.1–1 s；电流剖面约秒级，采用多时间尺度控制窗口。,真实装置多剖面闭环。,首次实验表明控制器可在闭环窗口内获得并维持不同电流和电子温度剖面，验证分布参数 MIMO 集成控制。,实验辨识模型局部有效；剖面投影会隐藏局部尖峰，且执行器沉积随密度/平衡改变。,建议孪生同时保存原始剖面、基系数、投影残差和可达目标，避免低维控制成功掩盖局部危险。,A model-based technique for integrated real-time profile control in the JET tokamak,https://doi.org/10.1088/0741-3335/47/1/010,JET integrated profile controller,,not-public
CTL-CORE-026,JET 三执行器 q 剖面 TSVD 控制,Real-time q-profile control in JET for steady-state advanced tokamak operation,2003,T3,,JET：反剪切/ITB 准稳态场景；装置闭环实验,E4,D4,q(r) 是分布参数，NBI、ICRH、LHCD 对多个半径耦合，执行器数少于剖面自由度。,从实验辨识线性分布响应算子，采用截断 SVD 只控制可达剖面方向，在实时系统中协调三类 H&CD。,与电流重分布时间同阶，约秒级。,真实装置 q 剖面闭环。,在电流重分布时间尺度上成功维持目标 q 剖面；同时说明可控方向由响应矩阵秩和奇异值决定。,响应模型只在辨识轨迹附近有效；截断方向外的目标不可达，执行器故障会改变可控子空间。,剖面孪生应实时计算可控性和执行器有效性，而非把任意目标曲线当作可实现命令。,Real-time control of the q-profile in JET for steady state advanced tokamak operation,https://doi.org/10.1088/0029-5515/43/9/311,JET TSVD profile controller,,not-public
CTL-CORE-037,JT-60U 储能反馈与高性能场景稳定,Plasma stored-energy feedback control for high-performance JT-60U discharges,2003,T3,T6,JT-60U：高性能/高 β 放电；装置闭环实验,E4,D4,中子率受密度/温度剖面和杂质影响，未必是可靠稳定性代理；需要更直接控制 MHD 相关总储能。,实时抗磁/平衡储能作为反馈量，通过 NBI/ECH 功率调节，接入 JT-60U 平衡、燃料和加热控制计算机。,能量约 0.1–1 s。,真实装置闭环并用于场景运行。,建立储能反馈并应用到高性能放电，为 Ti/旋转和电流剖面等更细粒度控制提供全局性能约束。,全局储能可能掩盖局部梯度/稳定性边界；控制效果依赖执行器沉积和诊断标定。,全局量适合作为监督 KPI，而局部剖面/稳定性服务负责解释相同储能下不同风险。,Development of plasma stored energy feedback control and its application to high performance discharges on JT-60U,https://www.sciencedirect.com/science/article/abs/pii/S0920379603004721,JT-60U plasma control system,,not-public
CTL-CORE-025,JET LHCD 非感应电流与离轴电流分布反馈,Real-time current-profile control at JET using LHCD,1998,T3,T4,JET：2.5 MA LHCD 与剪切优化场景；装置闭环实验,E4,D4,预编程 LHCD 波形随等离子体条件变化而失配，难重复获得非感应电流和反剪切剖面。,以一匝环电压反馈调节非感应电流，以归一化电流二阶矩反馈调节离轴电流；采用低阶非线性状态空间/传递函数模型。,电流重分布与 LHCD 响应为百毫秒至秒。,真实装置闭环。,在 2.5 MA 放电中环电压降低约 66%；电流二阶矩控制在电流爬升期使剪切优化放电中子产额提高约 60%。,二阶矩是低维代理，不唯一确定 q(r)；LHCD 在高密度/反应堆参数下穿透和效率受限。,说明剖面控制可从稳健的低维可观测量起步，但孪生要展示这些代理与真实 q/电流密度之间的不唯一性。,Real time current profile control at JET,https://doi.org/10.1016/S0920-3796(98)00261-0,JET RTPC/RTCC current-profile controller,,not-public
CPT-006,DIII-D与KSTAR自适应RMP无ELM高性能控制,Adaptive RMP control for ELM-free high performance on DIII-D and KSTAR,2024,T4,T6,DIII-D | KSTAR,E4,D4,RMP可抑制ELM但常牺牲约束；最优线圈谱随状态变化且试错代价高。,用机器学习代理替代昂贵等离子体响应计算，在线/自适应调整RMP幅值和谱，在ELM抑制约束下提升性能。,状态更新与RMP调节为约10–100 ms至放电阶段尺度,两台装置实验；在实际放电中自动维持无破坏性边缘爆发状态。,DIII-D中相对初始标准ELM抑制状态的性能指标提升超过90%，并在KSTAR验证跨装置方法。,训练分布、装置几何、线圈限制和代理不确定度影响迁移；ELM-free不等于所有壁负荷风险均已受控。,展示高保真模型到实时代理、再到受约束自适应控制的完整孪生闭环。,Highest fusion performance without harmful edge energy bursts in tokamak,https://doi.org/10.1038/s41467-024-48415-w,Adaptive RMP surrogate/controller,,not-public
CPT-017,DIII-D深度强化学习撕裂不稳定性规避,Deep-RL avoidance of tearing instability on DIII-D,2024,T4,T8,DIII-D,E4,D4,与其在大磁岛形成后高成本抑制，不如提前预测风险并调整运行轨迹。,多模态神经网络预测约300 ms内撕裂风险，强化学习策略在模型环境中学习，实验中改变加热/形状等控制以保持风险阈值以下。,风险视野约300 ms；控制更新约数十毫秒,模型训练、历史数据测试和DIII-D高约束实验。,在实际H模放电中提前绕开撕裂风险，同时维持高性能，证明预测—规划—控制链可上机。,策略安全依赖训练环境覆盖、风险预测校准和安全包络；不能把一次装置成功等同于自主保护认证。,代表数字孪生从状态估计走向前瞻风险仿真与策略建议，但最终动作仍需独立安全门。,Avoiding fusion plasma tearing instability with deep reinforcement learning,https://doi.org/10.1038/s41586-024-07024-9,DIII-D tearing-avoidance RL stack,,not-public
CPT-042,KSTAR L-H跃迁与ELM实时分类,Real-time L-H transition and ELM classification on KSTAR,2020,T4,,KSTAR,E3,D3,控制器需要低延迟识别L-H/H-L与ELM事件，避免只依赖固定时间表。,以Dα和线平均密度时序训练LSTM，并接入KSTAR实时系统做分类。,毫秒级窗口与推理,65个放电训练、58个放电约17.4万样本测试，并进行实时部署评估。,测试准确率约94.45%，证明低维信号可支持约束模式事件识别。,分类准确率不等于安全可用性；类不平衡、时序标注和装置状态漂移需要置信度与拒识机制。,可驱动数字孪生模式切换，但应配合物理一致性检查和滞环状态机。,Real-time classification of L-H transition and ELM in KSTAR,https://doi.org/10.1016/j.fusengdes.2020.111634,KSTAR L-H/ELM LSTM,,not-public
CPT-010,DIII-D锁模相位与旋转反馈,Locked-mode phase and rotation control on DIII-D,2018,T4,,DIII-D,E4,D4,锁定磁岛的相位若不可控，调制ECCD难以与O点同步，且静止岛会集中壁热负荷。,PI反馈驱动n=1线圈，使锁模固定在指定相位或以最高约20 Hz旋转，并同步调制ECCD。,毫秒级磁反馈；目标旋转最高约20 Hz,DIII-D闭环实验。,实现指定相位锁定和受控旋转，为同步ECCD与壁负荷分散提供实验基础。,仅覆盖可由现有线圈克服的电磁转矩范围；多模耦合、低信噪比和线圈饱和会限制相位可控性。,需要融合模态状态、三维电磁执行器与ECCD相位的混合孪生。,Feedforward and feedback control of locked mode phase and rotation in DIII-D with application to modulated ECCD experiments,https://doi.org/10.1088/1741-4326/aaa434,DIII-D locked-mode controller,,not-public
CPT-002,ASDEX Upgrade基于幅值的NTM稳定控制,Amplitude-based NTM stabilization at ASDEX Upgrade,2014,T4,,ASDEX Upgrade,E4,D4,沉积位置存在模型与标定误差，需要在不依赖精确磁岛半径的条件下寻找最有效的ECCD位置。,以Mirnov磁岛幅值为目标，采用Sweep-and-Suppress与Incremental Search算法移动ECCD沉积；先在磁岛响应方程全闭环仿真中调试，再上机。,每约100 ms评估一次磁岛增长/衰减趋势,磁岛响应方程闭环仿真与AUG实验。,两种搜索策略均能利用幅值反馈找到稳定区，降低对绝对定位精度的依赖。,搜索期间仍会消耗EC资源；幅值受其他MHD活动影响，且多磁岛情形需更强的模态分离。,适合作为在线极值寻优和模型失配补偿的基准案例。,Amplitude based feedback control for NTM stabilisation at ASDEX Upgrade,https://doi.org/10.1016/j.fusengdes.2014.01.007,AUG NTM controller,,not-public
CPT-005,KSTAR电阻壁模主动控制物理设计,RWM active-control physics design for KSTAR,2014,T4,,KSTAR,E1,D2,确定KSTAR现有及候选传感器/线圈组合对RWM的可控可观性。,用DCON计算稳定边界，以VALEN-3D约8000电路描述导电结构、线圈和传感器，比较反馈拓扑。,壁时间尺度，毫秒至数十毫秒,高保真三维电磁与稳定性数值设计；非装置闭环实验。,候选新传感器设计在模型中把可稳定范围推进至有壁β极限的约99%。,结论依赖模型和假定噪声/延迟；不能视为KSTAR闭环实验结果。,是利用工程电磁孪生做传感器布置和控制可达性设计的代表。,Resistive wall mode active control physics design for KSTAR,https://doi.org/10.1063/1.4862140,DCON/VALEN-3D workflow,,not-public
CPT-001,DIII-D可转向ECCD闭环抑制新经典撕裂模,Closed-loop NTM suppression with steerable ECCD on DIII-D,2013,T4,,DIII-D,E4,D4,磁岛位置随平衡变化而漂移，固定沉积会失配，导致ECCD抑制效率下降。,实时Mirnov模检测、MSE约束平衡重建与射线追踪，闭环转动六个EC镜面并控制陀螺管开关/调制，使电流沉积对准磁岛。,磁岛演化约10–100 ms；镜面与功率闭环为毫秒至百毫秒级,DIII-D等离子体实验；闭环镜面跟踪并执行ECCD抑制。,展示了比固定瞄准更鲁棒的NTM抑制，并把磁岛定位、沉积预测和执行器纳入同一实时链。,依赖可靠平衡与磁岛定位；沉积模型、镜面带宽、陀螺管可用性和多任务资源冲突限制性能。,是模型在线校正、执行器数字影子和闭环V&V的典型最小数字孪生单元。,Real-time Mirror Steering for Improved Closed Loop Neoclassical Tearing Mode Suppression by Electron Cyclotron Current Drive in DIII-D,https://doi.org/10.1016/j.fusengdes.2013.02.168,DIII-D PCS NTM/ECCD application,,not-public
CPT-049,NSTX快离子相空间工程控制MHD稳定性,Fast-ion phase-space engineering for MHD stability on NSTX,2011,T4,,NSTX | NSTX-U,E2,D2,高能离子既提供加热和电流驱动，也可驱动Alfvén本征模并导致快离子损失。,通过不同NBI源和几何塑造快离子相空间分布，改变共振驱动并抑制/重排MHD活动。,快离子慢化与MHD为亚毫秒至数十毫秒；束配置为阶段尺度,NSTX实验及理论解释；不是通用自动闭环控制器。,证明主动改变快离子相空间可控制MHD稳定性，为未来NSTX-U快离子任务提供物理依据。,主要是有意图的实验操纵而非实时反馈；对大型燃烧等离子体的alpha粒子可控性仍未证明。,提示燃烧孪生必须纳入快离子分布和MHD耦合，不能只控制总功率或总β。,Control of magnetohydrodynamic stability by phase space engineering of energetic ions in tokamak plasmas,https://doi.org/10.1038/ncomms1622,NSTX fast-ion phase-space workflow,,not-public
CPT-003,TCV锯齿周期与剖面闭环控制,Sawtooth-period and profile feedback control on TCV,2009,T4,T3,TCV,E4,D4,锯齿周期及剖面会影响种子岛和快速粒子稳定性，需要把EC沉积位置和功率转化为可控量。,利用实时ECE/剖面信息调节ECRH/ECCD；分别实现固定锯齿周期控制与极值寻优最大化周期。,数毫秒诊断更新；锯齿周期为十至数百毫秒,TCV闭环实验。,从温度剖面控制扩展到固定周期和极值寻优锯齿控制，证明EC系统可作为多目标快速执行器。,ECE覆盖、沉积位置误差和EC资源竞争决定可控范围；锯齿延长不总等同于全局性能改善。,揭示数字孪生必须表达控制目标之间的因果冲突，而不能只追踪单一设定值。,From profile to sawtooth control: developing feedback control using ECRH/ECCD systems on the TCV tokamak,https://doi.org/10.1088/0741-3335/51/12/124041,TCV EC/sawtooth controller,,not-public
CPT-004,DIII-D电阻壁模磁反馈稳定,Resistive-wall-mode magnetic feedback stabilization on DIII-D,2002,T4,T6,DIII-D,E4,D4,在无壁极限以上，低旋转等离子体可能受n=1电阻壁模限制。,外部磁传感器分离不稳定模，反馈驱动非轴对称线圈，并结合等离子体旋转稳定效应。,壁时间与模增长时间约毫秒至数十毫秒,DIII-D高β等离子体实验。,实验证明旋转和磁反馈可协同稳定RWM，支撑越过无壁β极限的运行研究。,传感器易受等离子体响应、误差场和执行器直接耦合污染；高带宽线圈电源及延迟是硬约束。,需要含真空室涡流、三维线圈和延迟的实时电磁孪生，而非仅等离子体状态模型。,Stabilization of the resistive wall mode in DIII-D by plasma rotation and magnetic feedback,https://doi.org/10.1088/0741-3335/44/12B/324,DIII-D RWM feedback application,,not-public
CPT-033,KSTAR钨偏滤器脱靶与DivControlNN控制,Tungsten-divertor detachment control with DivControlNN on KSTAR,2026,T5,,KSTAR,E4,D4,全物理边缘模型无法实时运行，钨偏滤器又要求快速预测杂质注入后的脱靶响应。,用约7万组UEDGE模拟训练DivControlNN代理，结合Langmuir探针附着分数和实时控制调节杂质气体。,代理推理约0.2 ms；闭环约毫秒至数十毫秒,UEDGE测试集和KSTAR钨偏滤器闭环实验。,代理相对误差通常低于20%、相对UEDGE加速超过10^8，并在首次控制尝试中实现目标响应。,部分训练来自早期碳壁/模型参数，跨钨壁状态迁移和平台区响应存在脆弱性；最新结果仍需更多战役复现。,是高保真边缘模拟—代理—实时闭环的标准模板，也暴露训练分布治理问题。,Divertor detachment and heat exhaust mitigation control in KSTAR with tungsten divertor,https://doi.org/10.1088/1361-6587/ae67a2,DivControlNN,,not-public
CTL-CORE-015,MAST-U Super-X 偏滤器瞬态排热闭环控制,Demonstration of Super-X divertor exhaust control for transient heat-load management,2025,T5,T2,MAST-U：Super-X 先进偏滤器；装置闭环实验 | MAST-U,E4,D4,先进偏滤器不仅要形成磁构型，还要在密度、辐射和壁相互作用扰动下维持冷却/脱靶前沿，限制靶板瞬态热负荷。,利用实时光谱/成像或辐射前沿诊断表征排热状态，通过气体注入反馈调节 Super-X 偏滤器冷却前沿，并与磁形状控制协同。,排热前沿和燃料回路约毫秒至百毫秒；脉冲内持续闭环。,真实装置排热闭环；磁构型控制是外部前提。,首次在先进偏滤器构型上展示排热状态反馈控制，并用于抑制瞬态热负荷，说明磁几何与热状态必须形成两层协同控制。,前沿诊断与热流间存在模型依赖；装置脉冲和功率仍低于电厂，跨材料/中性压力/杂质的可扩展性未证实。,迫使孪生跨越磁学和边缘热流：磁形状服务只能给几何，排热控制还需光谱、SOL/中性粒子和材料温度状态。,Demonstration of Super-X divertor exhaust control for transient heat load management in compact fusion reactors | First demonstration of Super-X divertor exhaust control for transient heat load management in compact fusion reactors,https://doi.org/10.1038/s41560-025-01824-7 | https://arxiv.org/abs/2407.07784,MAST-U PCS / exhaust controller | FreeGSNKE, | https://github.com/FusionComputingLab/freegsnke,not-public | official-enabling
CPT-041,ITER面向控制的芯部—SOL—偏滤器集成模型,Control-oriented integrated core-SOL-divertor model for ITER,2023,T5,,ITER,E1,D2,只控制燃烧或只控制脱靶会把风险转移到另一子系统，需要低阶但保留核心—边缘因果的模型。,耦合核心粒子/能量室、两点SOL和偏滤器中性粒子库存，显式表示加热、弹丸、Ne注入与抽气。,毫秒边缘响应至数十秒燃烧/库存,控制导向模型的数值响应与物理约束分析；非装置实验。,模型可同时表达燃烧目标、靶板热流低于10 MW/m²和靶温低于约7 eV等控制约束。,高度降阶，不能替代SOLPS/输运和三维杂质模拟；参数需由装置/高保真模型持续校正。,是电厂数字孪生在线预测内核的合理形态：可实时、可约束、但由高保真模型校准。,Control-oriented core-SOL-divertor model to address integrated burn and divertor control challenges in ITER,https://doi.org/10.1016/j.fusengdes.2023.113635,Integrated burn-divertor control model,,not-public
CPT-025,TCV MANTIS杂质辐射前沿实时控制,MANTIS real-time impurity-radiation-front control on TCV,2021,T5,,TCV,E4,D4,偏滤器脱靶需把低温辐射区维持在合适位置，过低会伤靶板，过高会污染核心。,MANTIS多光谱相机实时估计C III发射前沿，利用多正弦辨识阀—等离子体动态，反馈调节D2/N2流量。,相机与控制约毫秒至数十毫秒；阀有效带宽低于约50 Hz,系统辨识与TCV L模、H模闭环实验。,首次以杂质发射前沿作为闭环变量，在不同约束模式下稳定跟踪目标位置。,发射前沿是温度/电离状态的代理，不等同于热流本身；光路污染、杂质种类和磁构型改变需重标定。,是诊断数字孪生、图像状态估计和控制导向降阶模型协同的标杆。,Real-time feedback control of the impurity emission front in tokamak divertor plasmas,https://doi.org/10.1038/s41467-021-21268-3,MANTIS real-time front controller,,not-public
CPT-026,DIII-D与EAST多杂质脱靶反馈比较,Controlled detachment with multiple impurity species on DIII-D and EAST,2021,T5,,DIII-D | EAST,E4,D4,不同杂质和诊断指标对脱靶起始、深度及核心污染的灵敏度不同。,在高性能场景中比较N2、Ne、Ar等注入，以靶板电子温度和离子饱和电流等指标反馈控制脱靶程度。,约10–100 ms诊断与气阀响应,两台装置的高性能脱靶实验和闭环控制。,靶板Te对脱靶起始最敏感；多种杂质均可建立受控脱靶并与较高约束协同。,Langmuir探针在堆级稳态环境下可靠性有限；杂质滞留、壁条件和核心稀释会造成显著记忆与漂移。,为跨装置变量标准化、诊断替代量和不确定度校准提供案例。,An analysis of controlled detachment by seeding various impurity species in high performance scenarios on DIII-D and EAST,https://doi.org/10.1016/j.nme.2021.100963,DIII-D/EAST detachment feedback applications,,not-public
CPT-027,DIII-D偏滤器表面热流实时估计与控制,Real-time divertor surface-heat-flux estimation and control on DIII-D,2021,T5,T9 | T0,DIII-D,E4,D4,红外热流反演通常为后处理，难以直接用于实时保护和反馈。,建立实时表面热响应/热流估计器，以离线IR反演验证；在GSevolve闭环仿真中整定并在DIII-D用气体调节热负荷。,约毫秒至数十毫秒估计；热扩散与气体响应数十毫秒以上,离线IR交叉验证、GSevolve闭环仿真和DIII-D实验初步控制。,实时估计与离线IR热流具有良好一致性，并展示基于模型的热流反馈可行性。,表面属性、沉积层和相机标定漂移影响精度；空间峰值可能被降阶估计平滑。,连接热诊断、材料热模型、控制和V&V，是工程—物理孪生交界的核心。,Real-time estimation and control of divertor surface heat flux on the DIII-D tokamak,https://doi.org/10.1016/j.fusengdes.2021.112560,DIII-D real-time heat-flux estimator,,not-public
CPT-034,DIII-D辐射功率闭环控制,Radiated-power feedback control on DIII-D,2019,T5,T4 | T6,DIII-D,E4,D4,高辐射分数可降低靶板热负荷，但过强核心辐射和ELM扰动会破坏闭环。,实时12通道bolometer估计辐射功率，以N2注入反馈跟踪辐射或辐射分数目标。,约10–100 ms,实时估计与放电后分析比对并开展DIII-D闭环实验。,实时传感量与后处理在约20%内一致；辐射可增加约150%、辐射分数达约80%，较稳态案例约55%。,高辐射时ELM扰动可使回路不稳；单一总辐射量无法定位核心/边缘辐射分布。,需要把辐射层析、核心稀释和边缘热流纳入多目标观测器，而非仅总功率PI。,Advances in radiated power control at DIII-D,https://doi.org/10.1016/j.nme.2019.01.010,DIII-D radiated-power controller,,not-public
CPT-038,ASDEX Upgrade弹丸反馈高密度高约束场景,Pellet-feedback high-density high-confinement scenarios on ASDEX Upgrade,2018,T5,T3,ASDEX Upgrade,E4,D4,反应堆相关高密度需把粒子送入核心，同时避免边缘密度和辐射破坏约束。,弹丸反馈控制核心密度，配合氮注入和加热，使核心密度超过Greenwald相关水平而控制边缘条件。,弹丸离散事件约数十毫秒至秒；输运响应更慢,AUG全钨壁高密度高约束实验。,实现反馈控制的反应堆相关高密度场景；进一步增密时收益因密度峰向边缘移动而下降。,弹丸重复率、穿透、芯部粒子源和壁库存放大到燃烧等离子体仍不确定；高密度不必然提升聚变性能。,要求把离散弹丸、粒子库存、输运和边缘约束统一到混合状态孪生。,"Feedback controlled, reactor relevant, high-density, high-confinement scenarios at ASDEX Upgrade",https://doi.org/10.1088/1741-4326/aaa339,AUG pellet density controller,,not-public
CPT-029,JET ITER-like wall基于Langmuir探针的脱靶反馈,Langmuir-probe detachment feedback on JET with ITER-like wall,2017,T5,,JET,E4,D4,需要在金属壁H模中以直接靶板指标控制脱靶，同时适应打击点扫掠。,使用外靶8个Langmuir探针的离子饱和电流roll-over定义附着分数，反馈调节N注入。,约10–100 ms,JET ITER-like wall H模闭环实验，含固定与扫掠打击点。,从附着态过渡到设定脱靶程度并稳定跟踪，证明探针阵列可用于实时控制。,探针在高热流、沉积和长脉冲中会老化；roll-over定义受打击点位置和探针状态影响。,要求诊断健康状态和几何映射成为控制变量置信度的一部分。,Real-time control of divertor detachment in H-mode with impurity seeding using Langmuir probe feedback in JET-ITER-like wall,https://doi.org/10.1088/1361-6587/aa5951,JET LP detachment controller,,not-public
CPT-035,NSTX-U实时辐射偏滤器反馈开发,Real-time radiative-divertor feedback development for NSTX-U,2016,T5,T9,NSTX-U,E3,D3,NSTX-U高功率密度要求实时辨识偏滤器辐射区并规划反馈接口。,开发快速VUV/辐射测量、实时处理和控制接口，评估辐射偏滤器闭环架构。,目标为毫秒至数十毫秒,诊断、实时处理和控制概念开发；论文未证明NSTX-U等离子体闭环。,给出NSTX-U辐射偏滤器实时反馈所需诊断与系统方案，属于部署前使能工作。,属于开发/设计证据，不能写成闭环实验；装置恢复后的实际覆盖需新论文确认。,强调先建设可观测性和实时诊断数字线程，再谈闭环排热。,Developing real-time radiative divertor feedback control for NSTX-U,https://doi.org/10.1063/1.4960058,NSTX-U radiative-divertor RT processing,,not-public
CPT-028,ASDEX Upgrade氮注入偏滤器功率负荷反馈,Nitrogen-seeding divertor-power-load feedback at ASDEX Upgrade,2010,T5,T6,ASDEX Upgrade,E4,D4,钨偏滤器在高加热功率下需要常规化降低靶板功率，同时维持核心性能。,以偏滤器/辐射反馈调节N2注入，并与密度和加热控制协调。,数十毫秒至秒；壁中氮存储具有更长记忆,AUG全钨环境的常规高功率实验运行。,在硼化钨壁中约12 MW以上加热时成为关键运行工具，建立常规辐射排热反馈经验。,氮在壁中的存储/释放产生迟滞；杂质积累和核心稀释使单回路控制可能失稳。,说明排热孪生必须有壁库存状态和跨放电影响，而非无记忆黑箱。,Divertor power load feedback with nitrogen seeding in ASDEX Upgrade,https://doi.org/10.1088/0741-3335/52/5/055002,AUG nitrogen-seeding feedback,,not-public
CPT-007,ASDEX Upgrade杂质排热反馈与弹丸ELM节拍集成,Integrated exhaust feedback and pellet ELM pacing at ASDEX Upgrade,2005,T5,T3 | T4,ASDEX Upgrade,E4,D4,稳态热负荷和ELM瞬态负荷需要同时降低，而杂质注入、燃料补给与弹丸节拍相互耦合。,偏滤器参数/辐射反馈调节杂质气体，同时用弹丸进行ELM节拍，形成集成排气控制。,辐射/偏滤器反馈约10–100 ms；弹丸节拍数十毫秒至秒,AUG实验。,证明稳态排热反馈与ELM节拍可在同一运行场景中协同，而非各自孤立优化。,弹丸可用频率、粒子盘存、杂质滞留和核聚变堆高通量弹丸工程仍有显著差距。,要求孪生同时表示离散事件执行器、连续气体系统及壁存储记忆。,Integrated exhaust control with divertor parameter feedback and pellet ELM pacemaking in ASDEX Upgrade,https://doi.org/10.1016/j.jnucmat.2004.10.027,AUG integrated exhaust controller,,not-public
CPT-040,ITER非线性燃烧控制一维仿真,One-dimensional nonlinear burn-control simulations for ITER,2025,T6,T8,ITER,E1,D2,自加热D-T等离子体存在热失控、氦灰积累和燃料/加热强耦合，零维控制器需在更高维模型上验证。,从非线性零维燃烧模型构造Lyapunov型控制器，在一维输运模拟中联合调节外加热、加料和抽气等。,能量约秒级，粒子/氦灰约秒至数十秒,一维物理模型数值仿真；无ITER等离子体实验。,展示非线性燃烧控制律可在更具空间分辨率的模型中稳定目标，但仍是控制设计证据。,聚变功率和氦灰的实时可观测性、alpha加热模型误差、执行器迟滞与故障尚未被装置验证。,定义电厂级孪生需要的燃烧状态、粒子库存和慢时间尺度预测层。,One-dimensional simulations of nonlinear burn control in ITER,https://doi.org/10.1016/j.fusengdes.2025.115362,ITER nonlinear burn-control simulation,,not-public
CTL-CORE-040,ITER 非线性燃烧控制与自适应执行器分配,Nonlinear burn control in ITER with adaptive actuator allocation,2022,T6,T8,ITER：D-T 燃烧等离子体设计；非线性仿真,E1,D2,alpha 自加热使温度—密度动力学强非线性，燃料和加热执行器有延迟/饱和且模型不确定。,0D/1D 温度—密度—氦灰动力学上设计非线性鲁棒控制器；将虚拟的电子/离子加热与 D/T 加料请求通过在线优化分配给 NBI、EC/IC、气体和颗粒。,燃烧与粒子/能量约束为 0.1–数十秒；执行器管理为毫秒至百毫秒。,设计仿真；尚无 ITER 燃烧实验。,仿真表明在执行器动力学不确定和可用性变化下仍可调节燃烧状态；把燃烧控制与执行器分配从一开始统一建模。,燃烧模型、氦灰输运、D/T 比测量和执行器有效性尚未由 ITER 数据验证；安全/机器保护不在控制器证明范围内。,反应堆孪生必须闭合 alpha 加热、燃料循环、氦灰和执行器约束，且明确输出只是预测建议而非经实证权威控制。,Nonlinear burn control in ITER using adaptive allocation of actuators with uncertain dynamics,https://www6.lehigh.edu/~eus204/publications/journals/nf22_burnctrlallocation.pdf,ITER PCSSP | TORAX,https://github.com/iterorganization/PCSSP | https://github.com/google-deepmind/torax,official-enabling | official-enabling
CPT-036,DIII-D可变束能量下的储能与旋转反馈,Stored-energy and rotation feedback with variable beam energy on DIII-D,2019,T6,T8,DIII-D,E4,D4,束能量和perveance改变加热、扭矩与快离子损失，多束执行器需要在约束下分配。,实时模型估计束功率/扭矩和损失，以多变量反馈协调8束中性束的能量、perveance与开关。,约10–100 ms至秒,DIII-D闭环实验，包含功率/扭矩损失补偿和幅值/变化率限制。,实现储能和旋转的独立/联合跟踪，展示多执行器分配器可显式处理工程约束。,依赖实时束损失与响应模型；NBI故障、快离子MHD和离散开关会破坏线性分配假设。,是执行器数字孪生、约束分配和多目标控制的直接基准。,Feedback control of stored energy and rotation with variable beam energy and perveance on DIII-D,https://doi.org/10.1088/1741-4326/ab17f5,DIII-D variable-NBI energy/rotation controller,,not-public
CTL-CORE-039,NSTX-U 非感应维持场景的模型式反馈设计,Feedback-control design for non-inductively sustained NSTX-U scenarios using TRANSP,2017,T6,,NSTX-U：非感应维持预测场景；TRANSP 预测与控制仿真,E1,D2,NSTX-U 稳态目标需在高自举电流、NBI 电流驱动与 β/稳定性约束下维持电流和压力状态。,从 TRANSP 预测场景提取低阶动态响应，设计对 Ip/β/电流剖面特征的反馈并在预测模型中评估执行器可控性。,能量约 0.1 s；电流扩散约 0.1–数秒。,装置相关高保真仿真；论文非 NSTX-U 闭环实证。,给出非感应 NSTX-U 场景的反馈可行性和执行器/诊断需求，明确稳态控制不仅是固定 NBI 波形。,依赖 TRANSP 运输/快离子模型和未完全实证的 NSTX-U 运行域；尚无文中闭环放电。,可把 TRANSP 作为慢速权威场景层，向快控制孪生提供响应模型和周期性校正，而非直接进入每个实时周期。,Feedback control design for non-inductively sustained scenarios in NSTX-U using TRANSP,https://doi.org/10.1088/1741-4326/aa68e9,TRANSP | NSTX-U PCS/rtEFIT,https://github.com/PrincetonUniversity/TRANSP | ,official-enabling | not-public
CPT-037,KSTAR极向β实时控制,Real-time poloidal-beta control on KSTAR,2015,T6,,KSTAR,E4,D4,极向β是压力与电流分布的重要综合指标，需要用有限的NBI资源实时跟踪。,以抗磁环/平衡估计βp，PI/PID控制NBI-1脉宽/功率。,约10–100 ms,KSTAR等离子体闭环实验。,演示βp设定值跟踪和NBI闭环调节，为高性能场景监督提供基础。,βp是全局量，不能替代局域压力梯度或MHD裕度；NBI离散性与延迟会限制带宽。,适合作为功率—状态响应辨识和稳态设定值管理的入门闭环。,Demonstration of real-time control for poloidal beta in KSTAR,https://doi.org/10.1016/j.fusengdes.2015.04.004,KSTAR beta-p controller,,not-public
CPT-024,KSTAR基于DECAF实时稳定性评估的VDE方向控制与风险降低,DECAF-based real-time VDE risk intervention on KSTAR,2026,T7,,KSTAR | NSTX-U | MAST,E4,D4,VDE前兆跨多个事件链，单阈值无法区分可恢复异常与不可避免破裂。,DECAF组织磁、平衡和控制事件，实时评估垂直稳定风险；实验在检测后把控制电压置零，以改变VDE方向并降低装置风险。,毫秒至数十毫秒,DECAF跨装置历史事件研究；KSTAR进一步开展实时VDE避免实验。,KSTAR实验实时检测VDE，并通过将控制电压置零把VDE引导至预期方向、降低未缓解双向VDE风险；原文同时指出完全避免VDE仍是未来目标。,标题使用avoidance但公开正文强调本次主要是VDE方向控制而非完全避免；2026结果较新，覆盖、误触发和常规化仍需复现。,DECAF式事件图谱非常适合数字孪生的异常语义层与因果回放。,Disruption Event Characterization and Forecasting in Tokamaks | Avoidance of disruptions on KSTAR due to vertical displacement events via novel real-time stability assessment,https://doi.org/10.1063/5.0133825 | https://doi.org/10.1063/5.0320639,DECAF,,not-public
CTL-CORE-005,TCV 预测优先的安全降流轨迹学习,Learning plasma dynamics and robust rampdown trajectories with predict-first experiments at TCV,2025,T7,T1,TCV：受控 ramp-down/termination；2024 年实验迭代与外推测试 | TCV,E4,D4,受控终止需在垂直稳定、形状跟踪、线圈/电源和电流剖面约束间折中，经验波形难以覆盖模型误差。,用311个低性能和少量高性能rampdown训练神经状态空间模型，以GPU高速筛选约万条轨迹/秒并用RL优化，再以前馈方式上机。,降流为数十毫秒至数百毫秒；磁控制内环约 10 kHz。,离线模型检验与TCV实验；从140 kA向170 kA外推并成功执行。,证明模型可通过少量前瞻实验快速修正并生成更稳健终止轨迹；负面结果也揭示只优化低维电流轨迹会忽略径向/形状可控性。,模型、训练数据和实验工作流未形成完全开放的一键复现包；安全性仍依赖 TCV 原有保护和磁控制内环。,代表孪生从‘一次性模型’转向‘预测—实验—残差—更新’的持续校准闭环，尤其适合软着陆和异常终止服务。,Learning plasma dynamics and robust rampdown trajectories with predict-first experiments at TCV,https://doi.org/10.1038/s41467-025-63917-x,FreeGSNKE,https://github.com/FusionComputingLab/freegsnke,official-enabling
CPT-018,DIII-D贝叶斯安全降电流轨迹自动实验设计,Bayesian automated design of safe rampdowns on DIII-D,2024,T7,,DIII-D,E4,D4,安全降电流轨迹具有高维约束，人工试错慢且靠近破裂边界。,概率机器学习/贝叶斯优化在放电之间更新安全与性能模型，选择下一条前馈rampdown轨迹。,秒级降电流阶段；学习更新发生在放电之间,2022年DIII-D自动实验设计战役。,找到更安全的降电流方案；实验破裂时平均电流降至DIII-D历史平均破裂电流的约1/2.5。,是放电间前馈轨迹学习，不是毫秒级在线反馈；安全模型只覆盖已探索范围。,适合数字线程中的实验设计、风险台账和轨迹版本管理。,Automated experimental design of safe rampdowns via probabilistic machine learning,https://doi.org/10.1088/1741-4326/ad22f5,Safe-rampdown Bayesian optimizer,,not-public
CPT-022,ITER碎裂弹丸注入破裂缓解系统,ITER shattered-pellet-injection disruption mitigation system,2024,T7,,ITER,E3,D3,ITER储能和电流使未缓解破裂不可接受，需要在检测后极短时间向等离子体注入足够材料。,高速发射低温H/Ne等弹丸，在弯管撞碎后形成碎片云注入；系统设计包含多炮口、触发、诊断与冗余。,检测—触发—到达为毫秒级,实验室注入器/碎裂特性试验、设计评审和装置级集成；ITER尚无等离子体闭环结果。,形成ITER基线破裂缓解技术并完成关键设计评审；官方资料给出弹丸速度可超过1800 km/h。,目前证据主要来自部件与模型而非ITER等离子体；预测触发、误触发、碎片沉积和逃逸电子场景仍需全链V&V。,数字孪生应覆盖从风险判定到弹丸到达、沉积、热电磁载荷的端到端时限预算。,Shattered pellet injection technology design and characterization for disruption mitigation experiments | ITER Disruption Mitigation System,https://doi.org/10.1088/1741-4326/ab136c | https://www.iter.org/machine/supporting-systems/disruption-mitigation,ITER DMS plant/protection software,,not-public
CPT-048,JT-60SA磁体电源监督与保护控制,Supervisory control for JT-60SA magnet power supplies,2024,T7,T8,JT-60SA,E3,D3,超导/快速磁体电源数量多、能量大，需统一放电序列、电流控制、数据和人员/机器保护。,建立磁体电源监督控制，利用实时网络与约4 kHz数据/控制接口管理参考、状态、故障和保护。,约250微秒数据周期至秒级放电序列,电源系统集成与调试；论文发表时主要为工程投运阶段。,完成多电源统一监督、实时通信和保护接口，为JT-60SA等离子体控制提供工程底座。,电源监督调试不等同于完整等离子体闭环证据；共因网络/时钟故障和超导磁体保护需独立分析。,说明等离子体孪生必须接入真实电源健康、限幅、保护和序列，而不能把线圈视为理想输入。,Development of supervisory control system for magnet power supplies in JT-60SA | JT-60SA control system,https://doi.org/10.1016/j.fusengdes.2019.03.009 | https://www.jt60sa.org/wp/control-system/,JT-60SA magnet power-supply supervisory software,,not-public
CPT-011,DIII-D神经网络垂直增长率估计与VDE避免,Neural-network vertical-growth-rate estimation and VDE avoidance on DIII-D,2021,T7,T2 | T0,DIII-D,E4,D4,高伸长场景的垂直增长率难以在实时控制周期内由完整模型计算。,用大量历史放电和稳定性计算训练神经网络代理，在线估计增长率及不确定度；控制器通过降低伸长率、增加内壁间隙等动作退回安全区。,毫秒至数十毫秒状态估计和形状调整,历史数据/模型验证并接入DIII-D PCS开展闭环实验。,在实验中识别接近垂直不稳定边界并通过形状退让避免VDE。,代理仅在训练包络内可信；平衡输入漂移与诊断故障需独立监测，且退让动作可能损失性能。,体现不确定度感知代理、实时安全边界与恢复策略的组合。,Avoidance of vertical displacement events in DIII-D using a neural network growth rate estimator,https://doi.org/10.1016/j.fusengdes.2021.112492,DIII-D neural VDE estimator,,not-public
CPT-016,EAST深度学习破裂预测,Deep-learning disruption prediction on EAST,2021,T7,,EAST,E2,D2,EAST长脉冲、高密度和多运行场景下的破裂前兆非线性且类别不平衡。,以多通道时序信号训练深度网络，评估不同预警时间和阈值下的召回与误报。,毫秒采样；目标预警几十至数百毫秒,EAST历史放电数据库离线训练/测试。,验证深度时序特征对EAST破裂预测有效，但论文不构成实时闭环或自动终止证据。,离线随机划分可能高估对时间漂移的鲁棒性；需要战役外测试、实时数据质量门控和动作验证。,可作为EAST长脉冲孪生的风险通道，但必须与保护逻辑严格隔离并经过影子运行。,Disruption prediction on EAST tokamak using a deep learning algorithm,https://doi.org/10.1088/1361-6587/ac228b,EAST deep disruption predictor,,not-public
CPT-023,DREAM破裂与逃逸电子流体-动理学框架,DREAM fluid-kinetic disruption and runaway-electron framework,2021,T7,T9,ITER | JET | DIII-D | 通用tokamak,E1,D2,破裂期间热、电流和逃逸电子演化跨越碰撞、输运与电路时间尺度，简单零维模型难以覆盖。,耦合流体和动理学方程、原子过程、壁电路与径向输运，模拟热猝灭、电流猝灭及逃逸电子产生/损失。,微秒至秒的离线多尺度模拟,与CODE等参考计算、解析极限和实验情景进行验证/比对。,形成可公开复现的破裂/逃逸电子研究框架，可用于DMS设计与代理数据生成；不是实时控制器。,离线高保真模拟成本高，输运/材料混合参数不确定；控制使用需降阶并保持物理守恒与误差界。,是安全数字孪生的高保真参考层和合成数据源，而非在线状态估计本身。,DREAM: A fluid-kinetic framework for tokamak disruption runaway electron simulations,https://doi.org/10.1016/j.cpc.2021.108098,DREAM,https://github.com/chalmersplasmatheory/DREAM,official-direct
CPT-030,WEST基于壁部件温度的实时功率保护,WEST wall-temperature feedback for machine protection,2021,T7,T6,WEST,E4,D4,稳态钨环境中局部热点可迅速超出部件温度包络，需要直接削减多套加热系统。,六个IR视场实时计算部件温度，保护控制器按阈值协调5套LH/ICRH天线的注入功率。,毫秒至数十毫秒检测与功率降额,WEST稳态钨运行中的常规保护使用。,63次触发约占放电14%，其中97%保持在温度包络内，报告误报约0.2%。,视场遮挡、表面发射率和ROI配置可能引起漏检；保护阈值必须独立于性能控制并可审计。,是壁温感知、阈值配置和加热降额进入装置运行的D4强证据；公开论文未给出安全关键治理、独立批准或安全资格证据，因此不标为D5。,WEST operation with real time feed back control based on wall component temperature toward machine protection in a steady state tungsten environment,https://doi.org/10.1016/j.fusengdes.2020.112223,WEST wall-monitoring protection,,not-public
CPT-013,FRNN跨装置深度学习破裂预测,FRNN cross-machine deep-learning disruption prediction,2019,T7,,DIII-D | JET,E2,D2,破裂样本稀少且装置分布不同，传统阈值难以同时获得高召回、低误报和足够预警时间。,融合多通道时序信号的循环/卷积深度网络，在DIII-D和JET历史放电上训练、跨装置测试。,输入采样毫秒级；预警窗口约几十毫秒至数百毫秒,两装置历史数据库离线验证与跨装置迁移测试。,证明大规模深度时序模型可提取跨装置破裂前兆，但未在论文中闭环触发缓解。,历史标签、训练/测试划分、装置漂移和误报成本决定可用性；离线AUC不能替代实时延迟和缓解成功率。,可作为影子预测服务，但数字孪生还必须给出数据质量、置信度、剩余处置时间和安全动作接口。,Predicting disruptive instabilities in controlled fusion plasmas through deep learning,https://doi.org/10.1038/s41586-019-1116-4,plasma-python / FRNN,https://github.com/PPPLDeepLearning/plasma-python,official-direct
CPT-014,DIII-D实时随机森林破裂预测器,Real-time random-forest disruption predictor on DIII-D,2019,T7,T9,DIII-D,E3,D3,把离线预测器压缩为确定性实时服务，并在装置计算预算内保持可解释特征链。,基于随机森林的DPRF，使用实时可得标量，在DIII-D PCS中以约150–250微秒推理运行。,推理亚毫秒；典型预警为几十至数百毫秒,900余个放电数据训练/测试，并在DIII-D实时PCS中运行。,证明随机森林可满足实时计算预算并提供数百毫秒量级预警；性能仍未达到ITER式高召回低误报要求。,实时运行不等于闭环缓解；阈值需按误报代价和可用处置时间标定，诊断缺失需独立容错。,适合定义预测服务的实时契约、漂移监测与影子到闭环的晋级门槛。,A real-time machine learning-based disruption predictor on DIII-D,https://doi.org/10.1088/1741-4326/ab28bf,DisruptionPy,https://github.com/MIT-PSFC/disruption-py,official-enabling
CPT-045,JET实时保护序列器RTPS,JET Real-Time Protection Sequencer,2019,T7,,JET,E4,D5,ITER-like wall对等离子体接触、加热和异常形状敏感，需要高于单回路的集中保护协调。,RTPS接收VTM/WALLS等报警，以约500 Hz状态机覆盖形状、电流、密度和加热参考，执行降额或受控终止。,约2 ms监督周期；下层垂直稳定更快,JET ITER-like wall多战役运行；正式论文明确说明RTPS纳入JET集成运行与保护系统的投运流程，运行前必须完成正式质量保证，且单元/低层集成测试由核心开发者定义、集成/行为测试由JET Plasma Operations Group定义。,形成集中、可配置的机器保护序列，能在异常时协调多控制器和加热系统；其配置所有权、职责、生命周期和运行前正式质量保证构成可审计的安全关键治理证据，故标为D5。,保护逻辑和阈值高度装置专用；公开MARTe2不能复现JET RTPS安全案例。,为安全门、状态机、配置管理、报警因果回放和独立保护边界提供成熟范式。,Robust configuration of the JET Real-Time Protection Sequencer | Centralised Coordinated Control to Protect the JET ITER-like Wall,https://doi.org/10.1016/j.fusengdes.2018.12.045 | https://scipub.euro-fusion.org/archives/jet-archive/centralised-coordinated-control-to-protect-the-jet-iter-like-wall,MARTe2,https://github.com/aneto0/MARTe2,official-enabling
CPT-047,ITER等离子体控制系统异常处理分层架构,Hierarchical exception handling for the ITER plasma control system,2017,T7,T9,ITER,E0,D1,异常可来自诊断、执行器、等离子体和工厂系统，需要明确本地控制、监督控制、联锁/保护的权限边界。,定义异常类别、检测—评估—响应层次和跨系统接口，区分可恢复、需降级和需终止事件。,微秒级联锁至秒级监督决策,需求与架构分析、场景评审；非装置实验。,形成ITER PCS异常处理的初步分类与职责边界，为详细需求和验证场景提供基础。,初步架构不代表最终实现或认证；权限、仲裁和共因失效需在更高层安全分析中闭合。,数字孪生必须遵守这类权限边界，AI建议层不能直接越权到机器保护。,Preliminary exception handling analysis for the ITER plasma control system,https://doi.org/10.1016/j.fusengdes.2017.05.013,ITER PCS exception-handling implementation,,not-public
PCS-012,JET WALLS—VTM—RTPS：等离子体壁负荷监测与协调终止,,2014,T7,,JET,E4,D4,ITER-like Be/W壁在高功率及DT工况中可能过热，红外相机又可能受中子影响，需要模型和测量冗余及协调脉冲终止。,WALLS实时计算功率沉积、表面/体温和几何间隙；VTM处理IR温度；RTPS收集报警并覆盖形状、电流、密度和加热控制器，执行可配置软/硬终止。,WALLS计算模块总执行时间低于1 ms；该数字不等于完整保护链端到端响应时间。,2011—2012运行数据和后续JET-ILW运行给出在线保护证据；论文展示时序与实际报警结果。,JET ITER-like wall。,壁模型、视线、材料限值和保护阈值高度配置相关；报警覆盖策略必须独立于科研优化并受严格变更控制。,可作为模型、状态、控制策略或验证证据接入控制数字孪生，但需版本、配置与适用域治理。,The JET real-time plasma-wall load monitoring system | The software and hardware architecture of the real-time protection of in-vessel components in JET-ILW,https://doi.org/10.1016/j.fusengdes.2013.10.010 | https://doi.org/10.1088/1741-4326/ab1a79,MARTe/MARTe2 | JET WALLS/RTPS models,https://vcis-gitlab.f4e.europa.eu/aneto/MARTe2 | ,official-enabling | not-public
CPT-015,JET APODIS实时破裂预测,JET APODIS real-time disruption prediction,2013,T7,,JET,E3,D3,在ITER-like wall运行中以少量可靠实时信号提供稳定、低延迟的破裂预警。,APODIS每1 ms处理7个实时信号并分类破裂风险，输出用于记录和运行评估。,1 ms输入周期；平均预警约426 ms,ITER-like wall战役991个放电的实时运行评估。,报告成功率98.36%、误报0.92%、漏报1.64%和平均426 ms预警；应注意数据集定义与运行基率。,所述结果未自动触发机器保护；跨战役、跨壁材料和异常类型的校准需重新验证。,是把预警时间分布、误报和数据可用性纳入运行数字线程的基准。,Results of the JET real-time disruption predictor in the ITER-like wall campaigns,https://doi.org/10.1016/j.fusengdes.2013.03.003,JET APODIS implementation,,not-public
CPT-021,JET大剂量气体注入破裂缓解,Massive-gas-injection disruption mitigation on JET,2011,T7,,JET,E4,D4,不可避免破裂会产生集中热负荷、电磁载荷和逃逸电子，需要在毫秒尺度均匀辐射能量。,快速阀注入不同气体和数量，系统比较热/电流猝灭、halo电流、辐射和逃逸电子响应。,触发后毫秒至几十毫秒,JET多气体、多参数破裂缓解实验。,量化MGI对辐射分数、电流猝灭、halo力和逃逸电子的影响，为ITER缓解需求提供实验依据。,MGI材料穿透、混合和辐射对大型装置存在尺度效应；不能保证同时最小化所有热、电磁和逃逸风险。,需要把触发延迟、阀动力学、碎裂/混合不确定度和结构载荷证据串联。,Disruption mitigation by massive gas injection in JET,https://doi.org/10.1088/0029-5515/51/12/123010,JET MGI trigger and valve control,,not-public
CTL-CORE-042,ITER 研究运行初期的加热与燃料执行器管理,Actuator management for the first ITER plasma operation campaign,2025,T8,,ITER：Start of Research Operation；架构与控制仿真,E1,D3,ITER SRO 同时有能量、q>1/锯齿、NTM、密度和脱靶任务；48 个 gyrotron、9 个镜面、60 个气阀和 4 个颗粒器不能静态绑定。,建立控制任务—虚拟请求—能力匹配—实际设备命令的 Actuator Management 层，支持组合/替代、故障重分配和优先级。,管理循环毫秒至百毫秒；控制任务从快 MHD 到慢燃料/能量。,官方设计/仿真，尚无 ITER 等离子体实证。,给出 SRO 可实施的执行器管理架构和代表性多任务用例，使设备路由、组合和冲突处理成为显式 PCS 服务。,SRO 硬件和控制需求仍演进；路由/优先级正确不等于物理目标可同时满足，需闭环可达性验证。,这是数字孪生控制编排的直接蓝图：每个控制任务只请求物理效果，管理层结合设备健康与预测模型生成可追溯命令。,Actuator management for the first ITER plasma operation campaign,https://doi.org/10.1016/j.fusengdes.2025.115071,ITER PCSSP | ITER IMAS Data Dictionary,https://github.com/iterorganization/PCSSP | https://github.com/iterorganization/IMAS-Data-Dictionary,official-enabling | official-enabling
PCS-028,JT-60SA中央控制、实时等离子体控制与保护分层,,2023,T8,T2,JT-60SA,E2,D2,在日欧共同建设的大型超导装置中统一脉冲编排、磁/动理学控制、设备联锁与机器保护，同时允许分阶段commissioning。,中央控制系统负责状态机、时序、HMI和数据协调；实时等离子体控制系统执行快速闭环；设备保护/联锁具有独立边界；DINA及专用仿真工具用于控制设计。,磁控制与保护为多速率，公开官方概览没有给出可审计的统一端到端周期。,控制工具经历离线DINA/电路仿真、系统集成与设备commissioning；公开资料不能支持其全部高性能控制任务均已闭环验收。,JT-60SA集成与commissioning；成熟度按公开论文逐项判断。,commissioning状态随时间变化；论文中的仿真场景不等同于装置上全部执行器、故障和延迟已验证。,可作为模型、状态、控制策略或验证证据接入控制数字孪生，但需版本、配置与适用域治理。,A simulation tool to design and test control laws for JT60-SA scenarios | JT-60SA control system,https://doi.org/10.1016/j.fusengdes.2023.113631 | https://www.jt60sa.org/wp/control-system/,JT-60SA control and DINA configuration,,not-public
CPT-020,TCV SAMONE 实时异常监督与执行器管理,SAMONE real-time off-normal supervision and actuator management on TCV,2021,T8,T7 | T9,TCV,E4,D4,高级控制器会争用ECH、气体和磁执行器；诊断或执行器异常时需要按等离子体状态安全切换目标、限制和终止策略。,分层监督器、状态/事件监视、执行器管理器和控制模式切换；与底层反馈控制器解耦，面向异常处理和任务协调。,约10–100 ms监督决策；下层回路更快,TCV实时系统中的实验应用和故障/事件场景形成装置证据。,证明异常检测、控制重构和执行器协调可在一个监督框架内闭环运行。,状态机和仲裁策略需要装置级危害分析；研究装置的灵活切换不能直接等价于电厂安全系统。,可作为模型、状态、控制策略或验证证据接入控制数字孪生，但需版本、配置与适用域治理。,Integrated real-time supervisory management for off-normal-event handling and feedback control of tokamak plasmas,https://doi.org/10.1109/TNS.2021.3084410,SAMONE,,not-public
CPT-044,TCV/ITER装置无关多任务执行器管理,Tokamak-agnostic multi-task actuator management for TCV and ITER,2019,T8,,TCV | ITER,E4,D4,β、NTM、剖面和模式任务同时争抢EC、NBI、气体等有限资源，独立控制器会给出冲突命令。,用装置无关任务—执行器映射、优先级和可用性约束分配资源；在TCV多任务实验和ITER场景仿真中评估。,监督/分配约10–100 ms；下层执行器回路更快,TCV同时β、NTM、中央共向驱动/H模相关任务实验；ITER为模拟。,在TCV证明多任务资源协调可上机；ITER部分仅为设计证据。,任务效用和优先级仍需治理；执行器失效、动态耦合和安全认证不能只靠静态分配矩阵。,是数字孪生从多个模型服务升级为统一可执行控制服务的关键中间层。,Tokamak-agnostic actuator management for multi-task integrated control with application to TCV and ITER,https://doi.org/10.1016/j.fusengdes.2019.111260,TCV actuator manager,,not-public
CTL-CORE-041,ITER H&CD 混合整数实时执行器分配,Actuator allocation for integrated tokamak control using mixed-integer programming,2017,T8,,ITER：完整规划 H&CD 系统；全系统规模数值示例与实时性测试,E1,D3,有限的 EC/IC/NBI 被加热、q、锯齿和 NTM 等任务共享，优先级和可用性会在放电中改变。,把控制任务请求、执行器能力/组合和优先级写成混合整数二次规划，实时求取最优分配，避免枚举所有组合。,分配器目标为 PCS 实时周期，毫秒至百毫秒；物理任务跨毫秒至秒。,算法仿真/实时计算能力，非装置实验。,MIQP 在完整 ITER H&CD 规模示例中实时求解并实现期望优先行为，为控制任务与执行器解耦提供通用架构。,能力矩阵和任务代价随等离子体状态变化；MIQP 可解不等于分配后的闭环稳定，最坏时延/不可行处理仍需认证。,数字孪生应维护实时执行器能力图谱和请求账本，并用预测模型评估分配后的物理后果。,Actuator allocation for integrated control in tokamaks: architectural design and a mixed-integer programming algorithm,https://doi.org/10.1016/j.fusengdes.2017.09.004,allocation prototype | ITER PCSSP, | https://github.com/iterorganization/PCSSP,not-public | official-enabling
PCS-015,EAST稳态高级运行升级：打击点、漂移补偿与诊断自检,,2013,T8,T2,EAST,E4,D4,长脉冲放大磁积分漂移和传感器故障影响，并要求稳定打击点、位形、密度和辐射边界。,在PCS中加入实时积分漂移补偿、放电前磁诊断校验、打击点/形状控制以及长脉冲友好接口。,漂移和形状环在PCS周期内运行；论文未给出可泛化的统一周期。,仿真和EAST实际放电；论文明确区分已实验功能与在研辐射/脱靶控制。,EAST长脉冲运行。,漂移线性补偿只适用于满足先验漂移模型的积分器；长脉冲还需在线标定、冗余和不确定度。,可作为模型、状态、控制策略或验证证据接入控制数字孪生，但需版本、配置与适用域治理。,Recent plasma control progress on EAST | Upgrade of EAST plasma control system for steady-state advanced operation,https://doi.org/10.1016/j.fusengdes.2012.06.013 | https://doi.org/10.1016/j.fusengdes.2018.02.079,EAST steady-state PCS modules,,not-public
PCS-002,DIII-D Integrated Plasma Control：模型驱动设计—验证—部署方法,,2005,T8,T9,DIII-D | ITER设计研究,E4,D4,单个控制器在多执行器、多约束和异常事件下可能相互冲突，且稀缺机时不允许靠反复试错调参。,把装置/执行器响应模型、控制器设计、监督协调、仿真、PCS实码测试和实验迭代组成闭环工程流程；强调模型不确定性、非理想动态与离线确认。,方法本身跨越离线设计到微秒/毫秒实时环，不规定统一周期。,DIII-D多类控制应用和PCS硬件闭环仿真形成方法验证；后续GA官方页面继续以IPC描述其可靠控制设计流程。,DIII-D；作为ITER和下一代装置控制设计参考。,强依赖高质量装置模型和实验辨识；流程可迁移，但控制参数、故障模型和验收阈值不可直接跨装置复用。,可作为模型、状态、控制策略或验证证据接入控制数字孪生，但需版本、配置与适用域治理。,Integrated Plasma Control in DIII-D,https://doi.org/10.13182/FST05-A1075,DIII-D integrated control design suite,,not-public
PCS-023,ITER CODAC Core System：装置I&C标准底座,,2026,T9,,ITER | 多家ITER成员测试设施,E2,D2,220个plant I&C系统和分布式供应商需要统一开发、接口、监控、归档和生命周期标准。,RHEL x86-64；EPICS 7、PVAccess/Channel Access、SNL、日志/Autosave、Control System Studio；Plant System Host、Fast Controller、PLC和第三方控制器分层。机器保护和人员/核安全与CODAC显式解耦。,慢控、事件与fast controller多速率；需要实时的fast controller可用MRG-Realtime。CODAC不是快速等离子体环的单一周期声明。,ITER官方持续版本发布和成员/供应商测试；截至2026官方页面为7.4.0。ITER尚未整机等离子体运行。,ITER plant I&C开发和测试；CODAC用户分布于成员机构。,EPICS/CODAC擅长plant I&C与集成，不自动满足垂直稳定等微秒级闭环；完整分发和支持受ITER用户资格约束。,可作为模型、状态、控制策略或验证证据接入控制数字孪生，但需版本、配置与适用域治理。,CODAC Core System | ITER CODAC Architecture,https://www.iter.org/machine/supporting-systems/codac/codac-core-system | https://www.iter.org/machine/supporting-systems/codac/architecture,EPICS Base | CODAC Core System distribution,https://github.com/epics-base/epics-base | ,official-enabling | not-public
PCS-034,EPICS作为聚变装置I&C与慢控制生态,,2026,T9,,ITER | J-TEXT | EAST | KSTAR | JT-60SA | 多装置,E3,D4,统一分布式设备I/O、过程变量、状态机、报警、HMI和归档，使多供应商子系统可互操作。,IOC/record数据库、Channel Access与PVAccess、SNL状态机、客户端/HMI与归档生态；ITER CODAC在EPICS 7上叠加工程标准和打包。,适合设备层、监控、事件和部分软实时；网络PV不是垂直稳定等硬实时闭环的当然实现。,EPICS官方仓库与全球装置长期部署；具体聚变站点的性能、冗余和安全性需单独验证。,多个聚变装置及ITER CODAC基础。,装置数据库、record命名、驱动、网络隔离和安全策略高度站点化；不能仅凭使用EPICS推断PCS快速环或机器保护架构。,可作为模型、状态、控制策略或验证证据接入控制数字孪生，但需版本、配置与适用域治理。,EPICS Documentation,https://docs.epics-controls.org/,EPICS Base,https://github.com/epics-base/epics-base,official-enabling
PCS-036,IMAS/OMAS作为控制—模拟—实验的语义交换层,,2025,T9,,ITER | DIII-D | 多装置与模拟链,E2,D2,不同代码和装置以异构命名、坐标、单位和文件组织交换平衡、剖面、执行器和放电数据，导致集成脆弱且不可追溯。,IMAS以数据字典和IDS定义标准结构；IMAS-Python提供API；OMAS以Python数据结构和映射适配多种后端。二者通常位于离线/近线数据层，不是硬实时调度器。,以数据交换、工作流和归档为主；公开仓库不宣称满足快速PCS环的确定性端到端周期。,ITER官方开放发布、持续schema/API测试及多代码应用；每个装置映射仍需对照源数据验证。,ITER集成模拟生态和多机构研究工作流。,标准结构不能消除缺失量测、标定差异、坐标映射误差或版本漂移；硬实时使用仍需专用序列化和延迟验证。,可作为模型、状态、控制策略或验证证据接入控制数字孪生，但需版本、配置与适用域治理。,Release of IMAS infrastructure and physics models as open source,https://www.iter.org/node/20687/release-imas-infrastructure-and-physics-models-open-source,IMAS Data Dictionary | IMAS-Python | OMAS,https://github.com/iterorganization/IMAS-Data-Dictionary | https://github.com/iterorganization/IMAS-Python | https://github.com/gafusion/omas,official-enabling | official-enabling | official-enabling
PCS-040,EHL-2控制需求与公开证据缺口,,2025,T9,T2 | T7,EHL-2,E0,D1,为高场高性能球形托卡马克规划磁、加热、密度、MHD、壁负荷和异常处置的一体化控制，但公开技术基线仍有限。,公开路线图与FEC海报描述装置物理/工程目标；截至审计日期未找到同行评议的完整PCS架构、实时OS、周期/I/O清单、HIL验收或公共控制仓库。,未公开。,暂无足以支持装置闭环成熟度判断的公开原始证据。,规划/建设信息；PCS状态未公开核实。,公开材料以路线图/项目介绍为主，状态可能变化；任何架构细节都需与新奥团队直接核验。,可作为模型、状态、控制策略或验证证据接入控制数字孪生，但需版本、配置与适用域治理。,ENN's Roadmap for Proton-Boron Fusion Based on Spherical Torus | Overview of the Physics Design of the EHL-2 Spherical Torus for Proton-Boron Fusion,https://doi.org/10.1063/5.0199112 | https://conferences.iaea.org/event/392/contributions/35908/attachments/19881/36142/FEC2025_EHL2_poster-Xie-V4.pdf,EHL-2 PCS,,not-public
PCS-005,TCV数字实时控制系统：Simulink自动代码生成与MARTe2全机运行,,2024,T9,T4,TCV,E4,D4,支持高度灵活的位形、16个PF线圈、多套EC执行器、动理学观测器和研究算法，同时保持可测试和确定性运行。,控制算法在MATLAB/Simulink中开发和测试，经代码生成后由MARTe2装载；MDSplus保存配置与放电数据；双实时节点接收同步ADC流，PREEMPT_RT Linux多核执行。,主控制节点现按10 kHz采样/执行；硬件测试显示可达50 kHz；LIUQE平衡重建为1 ms周期。各模块仍可多速率。,2024综述记录全机运行和多项闭环实验；软件迁移保留Simulink仿真—生成—部署链，论文给出硬件与时序细节。,TCV日常放电。,Simulink/代码生成许可证、站点数据库和硬件配置仍是复现门槛；MARTe2公开不代表TCV完整PCS公开。,可作为模型、状态、控制策略或验证证据接入控制数字孪生，但需版本、配置与适用域治理。,Overview of the TCV digital real-time plasma control system and its applications,https://doi.org/10.1016/j.fusengdes.2024.114640,MARTe2 | MEQ,https://vcis-gitlab.f4e.europa.eu/aneto/MARTe2 | https://gitlab.epfl.ch/spc/public/meq/meq,official-enabling | official-enabling
PCS-022,ITER PCS系统工程与模型驱动设计/部署策略,,2024,T9,,ITER,E1,D2,数百个相互耦合的控制功能需要跨多年版本设计、实现、验证、集成和运维，传统逐控制器交付难以保持一致性。,灵活实现架构 + PCSSP需求对照仿真 + 系统工程数据库；把需求、功能、模型、控制器、测试和部署版本建立可追溯关系。,生命周期方法，不规定实时周期。,论文提出并用于ITER PCS工程过程；真正装置验收仍待ITER运行。,ITER PCS项目过程。,过程成熟度不能替代未知燃烧等离子体的模型/实验验证；数据库治理和长期工具可持续性是主要风险。,可作为模型、状态、控制策略或验证证据接入控制数字孪生，但需版本、配置与适用域治理。,Strategy to systematically design and deploy the ITER plasma control system: A system engineering and model-based design approach,https://doi.org/10.1016/j.fusengdes.2024.114464,PCSSP,https://github.com/iterorganization/PCSSP,official-enabling
PCS-031,SPARC实时控制框架neutrino与COMET闭环开发环境,,2024,T9,T0 | T2 | T6 | T7,SPARC,E2,D2,在首等离子体前开发并测试平衡重建、形状/垂直控制、功率平衡、PFC监视和异常处置，且让同一控制代码进入仿真与未来真机。,自研neutrino实时框架采用无锁进程内/节点间通信；控制组件可接COMET装置模型进行hardware-out-of-loop和hardware-in-the-loop测试。,会议摘要强调确定性实时和低延迟，但未公开足以审计的各回路最坏执行时间及抖动表。,APS-DPP会议原文报告软件组件与COMET的HOOTL/HITL测试；SPARC尚不能提供等离子体闭环证据。,SPARC在建项目的PCS开发环境。,硬件/模型在环只能验证被建模边界；燃烧等离子体、诊断退化和首机接口仍需commissioning。,可作为模型、状态、控制策略或验证证据接入控制数字孪生，但需版本、配置与适用域治理。,The SPARC plasma control system,https://meetings-archive.aps.org/dpp/2024/np12/105/,neutrino / COMET PCS environment,,not-public
PCS-033,MARTe2通用确定性实时执行框架,,2024,T9,,TCV | JET | RFX-mod2 | 多个实验设施,E4,D4,让实时算法、I/O、调度、网络和状态机以可配置组件组合，避免每个诊断/控制项目重复开发执行内核。,C++核心；GAM封装算法，DataSource封装I/O，Broker搬运数据，Scheduler保证执行序列，RealTimeState/Thread定义状态与线程；配置驱动。,由调度、GAM最坏执行时间和I/O决定；TCV在10 kHz全机运行，框架本身不承诺所有硬件或配置均达到该周期。,官方仓库单元/集成测试与多装置论文；TCV 2024论文提供全机生产运行证据，JET论文主要是RTCC/升级项目证据。,TCV全机；JET部分实时系统和升级工作；RFX-mod2等。,确定性取决于OS、CPU隔离、驱动、内存、配置和算法；安全认证、装置标定和控制逻辑需项目独立完成。,可作为模型、状态、控制策略或验证证据接入控制数字孪生，但需版本、配置与适用域治理。,Overview of the TCV digital real-time plasma control system and its applications,https://doi.org/10.1016/j.fusengdes.2024.114640,MARTe2,https://vcis-gitlab.f4e.europa.eu/aneto/MARTe2,official-enabling
PCS-016,‘灵枢’自主等离子体控制系统,,2023,T9,,EAST,E4,D4,面向聚变堆安全稳态运行，降低外部软硬件依赖并提高实时性、冗余、可维护和可检查性。,官方页面描述双冗余集群、定制实时Linux、共享内存与实时网络、模块化多进程、状态机、安全检查、版本与日志治理。,官方页面称系统抖动控制在5 μs以内；这是调度抖动指标，不是闭环周期或端到端延迟。,中科院等离子体所官方页面称已在EAST完成连续、稳定、可靠的放电控制；尚需同行评议论文公开更完整量化数据。,EAST。,公开证据缺少最坏端到端时延、冗余故障注入、控制模块清单、软件质量等级和独立评测。,可作为模型、状态、控制策略或验证证据接入控制数字孪生，但需版本、配置与适用域治理。,具有完全知识产权的面向聚变堆的自主等离子体控制系统‘灵枢’研制成功,https://ipp.cas.cn/xwdt/kydt/202308/t20230827_374112.html,灵枢PCS,,not-public
PCS-029,HL-2M新型等离子体控制系统,,2023,T9,T2,HL-2M,E1,D2,为HL-2M建立可扩展的磁控制平台，兼顾毫秒级一般控制与快速垂直稳定，并复用成熟PCS工程组织。,基于DIII-D PCS框架的三节点实时Linux集群；D-TACQ2106采集、反射内存网络交换、装置专用磁诊断和电源接口。,论文给出慢控制1 ms、快速垂直控制200 μs的设计周期。,论文报告平台搭建和初步仿真；其发表时仍需在真实等离子体实验中进一步验证，故不标为生产级闭环。,HL-2M平台开发/初步验证。,装置专用I/O、电源模型、磁标定与安全逻辑未公开；初步仿真不能替代真机闭环和异常工况验证。,可作为模型、状态、控制策略或验证证据接入控制数字孪生，但需版本、配置与适用域治理。,A new scheme of plasma control system based on real-time Linux cluster for HL-2M,https://doi.org/10.1016/j.fusengdes.2023.113763,HL-2M PCS branch,,not-public
PCS-013,JET RTCC的MARTe2增强原型,,2021,T9,,JET,E2,D2,RTCC长期扩展后容量与可维护性受限，需要在不破坏实验灵活性的前提下增加实时算力和组件化能力。,以MARTe2构建新的实时功能层/原型，通过标准信号和配置与既有RTCC协同。,会议资料证明原型和设计；未给出可用于整链资格声明的统一最坏时延。,IAEA技术会议原文称已设计和原型化；2024会议继续报告升级。没有足够公开证据证明完全替换所有RTCC功能。,JET升级验证；装置已结束运行。,原型证据不能替代全系统迁移、回归、失效模式和长期运维证明。,可作为模型、状态、控制策略或验证证据接入控制数字孪生，但需版本、配置与适用域治理。,Use of MARTe2 to enhance the JET Real-Time Central Controller | JET Plasma Control System Upgrade using MARTe2,https://conferences.iaea.org/event/244/contributions/19897/ | https://conferences.iaea.org/event/377/contributions/31680/,MARTe2,https://vcis-gitlab.f4e.europa.eu/aneto/MARTe2,official-enabling
PCS-017,PCS-SDP：CFETR/EAST可视化控制算法开发平台,,2021,T9,,EAST | CFETR设计,E2,D2,PCS算法接入需要手工处理数据结构、波形、接口、编译和链接，难以规模化管理多团队贡献。,可视化拖拽组件定义算法I/O与参数；预生成主框架，开发者填入算法逻辑后自动编译、链接并接入PCS。,开发平台不定义控制周期；生成代码须在目标PCS上单独做WCET和抖动验证。,在EAST定制应用中成功加入算法，验证开发流程有效；这不是CFETR全PCS运行证明。,EAST验证；CFETR设计支撑。,可视化生成不能替代算法审查、实时资格、测试覆盖和配置治理；平台锁定与生成代码可追溯性需验证。,可作为模型、状态、控制策略或验证证据接入控制数字孪生，但需版本、配置与适用域治理。,Custom application of PCS software development platform on EAST,https://doi.org/10.1016/j.fusengdes.2021.112314,PCS-SDP,,not-public
PCS-001,DIII-D Plasma Control System：可扩展多处理器实时控制平台,,2020,T9,T2 | T0 | T7,DIII-D,E4,D4,在同一放电中协调磁位形、垂直稳定、密度、加热、辐射、偏滤器及核心性能等多类反馈，并允许研究算法频繁迭代。,装置专用 C/C++ 实时框架；算法按 category/phase 组织，多个实时节点并行执行，波形服务器、放电状态协调进程与实时节点分离；rtEFIT、isoflux、监督和执行器接口均可挂接。,不同环路多速率；早期采集基准为每 60 μs 一组样本，RWM 专用链路曾由约 50 μs 优化至约 11 μs；剖面/AI功能常工作在毫秒至20 ms量级，不能把单一数字视为全PCS统一周期。,以装置日常放电为最高层证据；新算法通常经历模型验证、离线回放、PCS实码闭环仿真、硬件测试和受限实验。2020综述与2024升级论文记录了长期生产运行。,DIII-D日常运行；核心软件还形成多个装置分支。,装置配置、诊断映射、实时驱动和安全逻辑高度专用；历史分支与商业实时OS/硬件依赖提高移植和持续维护成本。,可作为模型、状态、控制策略或验证证据接入控制数字孪生，但需版本、配置与适用域治理。,Current State of DIII-D Plasma Control System | Recent Advancements in the DIII-D Plasma Control System,https://doi.org/10.1016/j.fusengdes.2019.111368 | https://doi.org/10.1109/TPS.2024.3415768,DIII-D PCS core,,not-public
PCS-019,KSTAR PCS升级与长脉冲高级集成控制,,2020,T9,T8,KSTAR,E4,D4,长脉冲高性能实验需要更多诊断、更强算力、现代DAQ、磁体/气体/加热集成及异常处理。,更新实时硬件、实时OS、数据采集和算法集成；保持确定性网络和PCS分层组织。,控制任务多速率，论文强调高频采集和严格实时，但不应捏造单一周期。,2016后运行经验与升级论文；2026 ITER官方进一步报告iPCS在KSTAR真机部署并操作。,KSTAR。,2026官方消息缺少同行评议的时序、功能覆盖和试验清单；iPCS接管范围必须等待技术论文细化。,可作为模型、状态、控制策略或验证证据接入控制数字孪生，但需版本、配置与适用域治理。,"Achievements and lessons learned from the operation of KSTAR plasma control system upgrade | Advances and challenges in KSTAR plasma control toward long-pulse, high-performance experiments | On KSTAR, ITER’s plasma control system successfully takes charge",https://doi.org/10.1016/j.fusengdes.2018.02.066 | https://doi.org/10.1016/j.fusengdes.2020.111622 | https://www.iter.org/node/20687/kstar-iters-plasma-control-system-successfully-takes-charge,KSTAR PCS / ITER iPCS deployment,,not-public
PCS-026,MAST Upgrade Plasma Control System,,2020,T9,T2,MAST-U,E4,D4,MAST-U多PF线圈和11组气阀使形状参数与执行器强耦合，还需支持Super-X、脱靶和壁负荷实验。,继续采用GA PCS的通用框架+平台/装置专用层；category/phase组织控制函数；采用装置特定虚拟电路、FIESTA/模型设计和新I/O。,多速率；论文重点为系统架构和调试，不能给出一个全局周期。,系统集成、commissioning和早期MAST-U运行；历史MAST形状控制提供前序证据。,MAST-U。,形状—线圈耦合和气阀数量使操作配置复杂；受控软件、FIESTA配置和实验数据权限限制复现。,可作为模型、状态、控制策略或验证证据接入控制数字孪生，但需版本、配置与适用域治理。,The MAST Upgrade plasma control system,https://doi.org/10.1016/j.fusengdes.2020.111764,MAST-U GA PCS branch,,not-public
PCS-035,MDSplus与MARTe2的配置、实时数据和放电证据链集成,,2020,T9,,TCV | JET | DIII-D | NSTX-U | RFX-mod | 多装置,E3,D4,实时系统需要从版本化配置启动、在线交换数据，并在放电后保存带时基、单位和树结构的证据。,MDSplus tree/pulse模型管理配置与shot数据；MARTe2 DataSource将实时信号接到算法图，放电前后由非实时服务完成配置与归档。,实时流通道可按站点周期运行；树写入和远程访问通常不放在最紧的硬实时路径。,同行评议集成论文和TCV等生产部署；数据完整性仍依赖时钟、单位、标定和写入策略。,多个装置的数据/配置基础设施。,树结构可容纳数据但不自动建立跨装置语义；实时数据库不能取代时间同步、数据质量和可追溯治理。,可作为模型、状态、控制策略或验证证据接入控制数字孪生，但需版本、配置与适用域治理。,"MARTe2 and MDSplus integration for a comprehensive fast control and data acquisition system | MDSplus yesterday, today and tomorrow",https://doi.org/10.1016/j.fusengdes.2020.111892 | https://doi.org/10.1016/j.fusengdes.2017.12.010,MDSplus | MARTe2,https://github.com/MDSplus/mdsplus | https://vcis-gitlab.f4e.europa.eu/aneto/MARTe2,official-enabling | official-enabling
PCS-027,WEST等离子体控制系统集成与首轮运行,,2019,T9,T2 | T6,WEST,E4,D4,把Tore Supra的分散式控制迁移为适配长脉冲钨环境的统一PCS，并协调磁控制、密度、RF、壁保护和脉冲时序。,中央放电控制/PCS协调多个实时诊断和执行器；实时数据库/共享内存交换量测，壁监视与保护链保留独立职责；装置专用控制软件未公开。,任务多速率；壁温闭环论文报告红外事件检测和RF命令链，但不支持把图像帧率或单模块耗时写成全PCS周期。,PCS集成在WEST首轮实验commissioning；红外壁温反馈论文报告C4阶段63次触发、97%成功率和0.2%误报率，指标仅适用于该数据集与阈值。,WEST实验运行。,壁温反馈阈值和图像处理依赖相机标定、视场与PFC材料；首轮运行不能代表稳态高功率场景的全部异常覆盖。,可作为模型、状态、控制策略或验证证据接入控制数字孪生，但需版本、配置与适用域治理。,"The WEST plasma control system: Integration, commissioning and operation on first experimental campaigns | First real-time detection and feedback control of plasma-wall interaction in WEST",https://doi.org/10.1016/j.fusengdes.2019.01.139 | https://arxiv.org/abs/2101.01914,WEST PCS and wall-monitoring branch,,not-public
PCS-004,PCS—Plant闭环共仿真：在真实控制代码外接GSevolve等装置模型,,2018,T9,,DIII-D及PCS衍生装置,E2,D2,控制器只有在包含电源、线圈、被动结构、等离子体与时延的闭环中运行实际生产代码，才能发现接口和实现级错误。,生产PCS与独立Plant模型通过定义良好的I/O接口共仿真；可替换平衡/电路模型，支持离线、软件在环和硬件在环。,与目标PCS周期同步；具体模型决定是否实时。,论文称该模式在DIII-D长期例行使用，并在其他PCS实验室使用约十年；验证目标是控制集成而非高保真物理本身。,DIII-D控制开发基础设施。,实时可运行模型通常是约化模型；若配置、时延、量化、饱和和故障分布不真实，会产生虚假置信。,可作为模型、状态、控制策略或验证证据接入控制数字孪生，但需版本、配置与适用域治理。,Enabling co-simulation of tokamak plant models and plasma control systems,https://doi.org/10.1016/j.fusengdes.2017.12.021,DIII-D PCS simulation environment,,not-public
PCS-030,J-TEXT实时框架（JRTF）与中央控制集成,,2018,T9,T8,J-TEXT,E4,D4,把多源诊断、实时算法、控制输出、放电时序和数据归档连接起来，降低新增反馈实验的集成成本。,JRTF将实时采集、计算、共享和输出模块化；中央控制与定时系统协调shot；EPICS用于设备层监控，装置数据系统保存放电数据。,依任务配置；论文验证实时数据处理延迟，但不支持为中央控制、EPICS与快速反馈写一个统一周期。,论文通过J-TEXT在线数据处理和反馈实验验证JRTF；具体控制律需看独立物理论文。,J-TEXT实验。,框架公开描述不足以重建驱动、同步、标定和控制插件；EPICS监控层不能替代微秒/毫秒反馈内核。,可作为模型、状态、控制策略或验证证据接入控制数字孪生，但需版本、配置与适用域治理。,A new implementation of data process in J-TEXT real-time framework,https://doi.org/10.1016/j.fusengdes.2018.02.060,JRTF/J-TEXT control code | EPICS Base, | https://github.com/epics-base/epics-base,not-public | official-enabling
PCS-021,ITER Plasma Control System Simulation Platform（PCSSP）,,2015,T9,,ITER | 可复用装置模型,E2,D2,ITER放电昂贵且数量有限，控制功能、架构、异常策略和脉冲计划必须在执行前系统仿真。,基于MATLAB/Simulink模型引用的模块—Wrapper—Top Model三级层次；模块化Plant、诊断、执行器、控制器和异常；程序化配置、批量仿真与结果归档。,离线/实时用例并存；平台不保证所有高保真模型实时。,2013原型在ITER组织演示；2015论文记录设计与alpha计划；2025官方GitHub公开后可审计代码。,ITER PCS开发环境。,依赖商业MATLAB/Simulink；公开平台不等于所有ITER Plant模型、参数和受限配置均公开；模型可信度需逐模块建立。,可作为模型、状态、控制策略或验证证据接入控制数字孪生，但需版本、配置与适用域治理。,The ITER Plasma Control System Simulation Platform,https://doi.org/10.1016/j.fusengdes.2015.01.009,PCSSP,https://github.com/iterorganization/PCSSP,official-direct
CPT-046,ITER PCSSP异常处理事件生成与仿真,ITER PCSSP event generation and exception-handling simulation,2014,T9,T7,ITER,E1,D2,ITER异常组合数量大，必须在上机前验证诊断、控制、联锁和执行器的时序交互。,在Plasma Control System Simulation Platform中建立事件生成器，耦合等离子体、执行器、诊断、联锁和PCS模型，注入异常并检查响应。,从亚毫秒控制到秒级异常序列,PCSSP软件在环/系统仿真原型；无ITER等离子体。,证明可系统生成异常并验证PCS响应，为需求追踪和故障注入测试建立框架。,仿真结果取决于故障模型覆盖；平台验证不等同于控制逻辑已通过核安全认证。,本质上是面向控制与异常演练的工程数字孪生雏形，应扩展证据追踪和持续集成。,Event generation and simulation of exception handling with the ITER PCSSP,https://doi.org/10.1016/j.fusengdes.2014.04.068,ITER PCSSP,,not-public
PCS-009,ASDEX Upgrade Discharge Control System,,2014,T9,T6 | T8,ASDEX Upgrade,E4,D4,研究装置需要频繁改变控制配置，同时必须协调实时诊断、反馈、执行器负荷分配、脉冲监督和异常处理。,分布式模块化实时软件；配置驱动部署；数据驱动进程同步；共享内存和多种实时网络；段式放电计划、中央/局部异常处理；Linux、VxWorks、Solaris混合平台。,多速率；论文给出专用实时计算机部署，但不同功能周期不同，不能以单值概括。,2014论文基于多年AUG生产运行，包含部署和实际控制/诊断集成实例。,ASDEX Upgrade日常运行。,长期演进形成多OS和站点专用组件；移植需要重建实时通信、segment语义和责任边界。,可作为模型、状态、控制策略或验证证据接入控制数字孪生，但需版本、配置与适用域治理。,ASDEX Upgrade Discharge Control System—A real-time plasma control framework,https://doi.org/10.1016/j.fusengdes.2014.01.001,AUG DCS,,not-public
PCS-020,ITER Plasma Control System功能架构,,2014,T9,T4 | T6 | T8,ITER,E0,D1,燃烧等离子体控制功能高度耦合，执行器冲突、异常处理和多年分阶段开发要求系统化功能架构。,分层级联控制；compact controller把争用同一命令信号的控制功能集合起来，由mode selector互斥选择；功能、通信和软件架构分开定义。,架构跨越快速垂直稳定、毫秒磁/动理学环和慢速监督；公开论文不定义一个总周期。,基于全球装置需求和系统工程用例；2014为概念架构，不能视为ITER装置闭环验证。,ITER设计基线；2026在KSTAR的iPCS活动提供早期真机经验但不是ITER运行。,ITER尚未等离子体运行；传感器受辐照、执行器饱和、alpha自加热和低机时条件仍需逐级验证。,可作为模型、状态、控制策略或验证证据接入控制数字孪生，但需版本、配置与适用域治理。,Architectural concept for the ITER Plasma Control System,https://doi.org/10.1016/j.fusengdes.2014.02.079,ITER iPCS implementation,,not-public
PCS-025,NSTX-U控制系统升级：64位实时Linux与现代I/O,,2014,T9,T2,NSTX-U,E4,D4,延长脉冲和新硬件要求替换老化并行I/O、32位OS和手工维护代码，同时保留GA PCS功能。,GA PCS迁移至64位Concurrent RedHawk Linux；Fibre Channel/FPDP串行I/O；代码生成、C99/C11和驱动更新；MDSplus/PPPL基础设施协同。,实时性能按目标控制环验证；公开摘要未给统一周期。,升级论文和NSTX-U首轮运行；2018边界控制论文、2025 GSevolve复现与控制改进继续验证。,NSTX-U；装置恢复/重启阶段需结合最新官方状态解释。,商业实时OS依赖；复现需要PPPL/GA受控配置和装置数据；恢复后配置变化需重新验证。,可作为模型、状态、控制策略或验证证据接入控制数字孪生，但需版本、配置与适用域治理。,NSTX-U Control System Upgrades | Plasma boundary shape control and real-time equilibrium reconstruction on NSTX-U | Plasma shape and position control development for NSTX-U using the GSEvolve plasma simulator,https://bp-pub.pppl.gov/pub_report/2014/PPPL-5045-abs.html | https://doi.org/10.1088/1741-4326/aaa4d0 | https://doi.org/10.1016/j.fusengdes.2025.115302,NSTX-U PCS/GSevolve environment,,not-public
PCS-010,Fenix飞行模拟器：AUG控制开发的闭环Plant模型,,2011,T9,,ASDEX Upgrade | ITER PCSSP模型移植,E2,D2,在不占用机时、不危及装置的情况下测试放电计划、磁/性能控制和异常处理。,ASTRA一维输运、二维平衡求解器SPIDER与MATLAB/Simulink耦合，连接DCS控制逻辑构成闭环飞行模拟。,目标是控制导向闭环；模型保真与运行速度按用例权衡，公开摘要未给统一实时保证。,对AUG场景和控制行为进行仿真/回放；相关模型还进入ITER PCSSP研究。,AUG离线控制开发。,约化输运和平衡模型的适用域决定预测可信度；依赖商业Simulink和装置配置。,可作为模型、状态、控制策略或验证证据接入控制数字孪生，但需版本、配置与适用域治理。,Development of a generic multipurpose tokamak plasma discharge flight simulator,https://doi.org/10.1016/j.fusengdes.2011.01.013,MATLAB/Simulink | Fenix/AUG models,https://www.mathworks.com/products/simulink.html | ,commercial-enabling | not-public
PCS-003,DIII-D PCS多装置移植：NSTX、MAST、EAST、KSTAR等分支,,2010,T9,,DIII-D | NSTX | MAST | EAST | KSTAR | Pegasus | MST,E4,D4,不同装置希望复用成熟实时框架，同时必须适配线圈、电源、诊断、实时网络、脉冲流程和本地团队。,通用PCS基础设施与平台/装置专用层分离；每个站点保留独立硬件、驱动和算法扩展。,随装置与控制任务变化；论文不支持给出跨装置统一周期。,论文总结各站点实施经验；DIII-D、NSTX/MAST、EAST、KSTAR分别有独立装置论文佐证。,多个装置生产使用，但版本和功能并不相同。,共享框架不自动解决装置模型、实时驱动、安全责任和配置分叉；跨站点回合并可能困难。,可作为模型、状态、控制策略或验证证据接入控制数字孪生，但需版本、配置与适用域治理。,Accumulated experiences from implementations of the DIII-D plasma control system worldwide | DIII-D integrated plasma control tools applied to next generation tokamaks,https://doi.org/10.1016/j.fusengdes.2010.04.040 | https://doi.org/10.1016/j.fusengdes.2005.06.256,GA PCS family,,not-public
PCS-006,TCV分布式反馈控制系统的架构与投运,,2010,T9,,TCV,E4,D4,旧系统I/O和计算容量不足以承载多诊断、多执行器以及EC加热/电流驱动的高级控制。,模块化、数字化、分布式反馈系统；多个控制节点共享实时信号并接入TCV放电基础设施。,会议论文证明实时投运，但当前公开摘要未给出足以审计的统一周期，故标为未披露。,论文报告在TCV放电成功投运；后续2017、2024论文形成持续演进证据。,TCV，后续由MARTe2架构升级。,反射内存部件老化、带宽和可扩展性受限，是2025年DDS迁移研究的直接动因。,可作为模型、状态、控制策略或验证证据接入控制数字孪生，但需版本、配置与适用域治理。,Architecture and commissioning of the TCV distributed feedback control system,https://doi.org/10.1109/RTC.2010.5750487,TCV legacy SCD control code,,not-public
PCS-018,KSTAR Day-One PCS：RFM集群与DIII-D PCS软件,,2009,T9,,KSTAR,E4,D4,为超导KSTAR首等离子体提供可靠实时电流、位置、线圈和放电控制，并建立可扩展基础。,Linux x86实时节点、反射内存集群、DIII-D PCS软件分支；与KSTAR中央/机器/诊断/定时/联锁系统协同。,公开摘要不支持一个统一周期；硬实时采集和RFM用于确定性交换。,2008线圈调试和首等离子体期间成功实时控制。,KSTAR首日并持续演进。,早期架构与硬件已多次升级；不能用Day-One配置代表当前KSTAR长脉冲能力。,可作为模型、状态、控制策略或验证证据接入控制数字孪生，但需版本、配置与适用域治理。,Plasma control system for ‘Day-One’ operation of KSTAR tokamak | Design concepts for KSTAR plasma control system,https://doi.org/10.1016/j.fusengdes.2008.12.082 | https://doi.org/10.1016/j.fusengdes.2004.12.004,KSTAR PCS,,not-public
PCS-014,EAST Plasma Control System：DIII-D PCS架构的超导长脉冲适配,,2008,T9,T2 | T0,EAST,E4,D4,为全超导、强成形EAST完成首等离子体、分流位形、电流/位置/形状和安全保护，并为长脉冲扩展。,继承DIII-D PCS的多节点软件/硬件基础，适配12套独立PF电源、EAST磁诊断和反射内存I/O；早期采用RZIP、isoflux及rtEFIT演进路线。,多速率；早期论文不支持一个全系统周期。后续通信原型以10 kHz DAQ测试，不能倒推所有生产环路均为10 kHz。,2006首等离子体与2007首分流等离子体运行；论文报告线圈/RZIP/保护验证，isoflux当时尚未充分实验，后续工作再补强。,EAST日常运行的历史PCS分支。,DIII-D源代码分支和EAST本地扩展的版本谱系、驱动和装置配置不公开；长脉冲漂移与冗余需专门处理。,可作为模型、状态、控制策略或验证证据接入控制数字孪生，但需版本、配置与适用域治理。,EAST plasma control system,https://doi.org/10.1016/j.fusengdes.2007.12.028,EAST PCS,,not-public
PCS-024,NSTX实时控制：GA PCS、PSRTC、rtEFIT与MDSplus,,2004,T9,T0 | T2,NSTX,E4,D4,球形托卡马克需要高速电源控制、等离子体电流/位置/形状反馈和紧凑装置上的强耦合磁控制。,GA PCS负责采集、气体、电流和形状；PSRTC执行电源控制；rtEFIT和isoflux用于实时平衡/边界；放电后参数和数据写入MDSplus。,早期系统有160路快速采集和8个实时处理器；后续论文报告352路、5 kHz采集。周期随模块变化。,NSTX实际放电中的边界控制、实时平衡和长期运行。,NSTX，后升级为NSTX-U。,历史硬件和NSTX配置已被NSTX-U升级替代；档案系统开放不等于实验数据无需权限。,可作为模型、状态、控制策略或验证证据接入控制数字孪生，但需版本、配置与适用域治理。,Real-time control software on NSTX | Plasma shape control on NSTX using real-time equilibrium reconstruction,https://doi.org/10.1016/j.fusengdes.2004.04.012 | https://doi.org/10.1088/0029-5515/46/1/002,GA PCS NSTX branch | MDSplus, | https://github.com/MDSplus/mdsplus,not-public | official-enabling
PCS-011,JET Real-Time Central Controller与实时数据网络,,2000,T9,T6 | T0,JET,E4,D4,把多种实时诊断与NBI、ICRH、LHCD、加料和颗粒注入连接起来，完成β、剖面、辐射、约束和MHD等实验反馈。,RTCC作为灵活中央实验控制器；PPCC负责电流/位置/形状，密度控制器独立；实时数据网络连接诊断、控制器和执行器，后续由大量可编程算法扩展。,模块多速率；历史ATM网络和各本地管理器具有不同周期，论文不支持统一数值。,JET多类高级场景反馈实验和多年运行；2000综述与后续RTCC升级资料互证。,JET（装置已结束实验运行，数据与方法仍是证据资产）。,长期扩展造成容量、可维护性和旧硬件约束，促成MARTe2增强原型；JET终止运行后需重视环境可复现和数据保全。,可作为模型、状态、控制策略或验证证据接入控制数字孪生，但需版本、配置与适用域治理。,Plasma control at JET,https://doi.org/10.1016/S0920-3796(00)00125-3,JET RTCC,,not-public
