file,category,source_title,source_url,source_figure,license_or_status,transformation,review_status
public/figures/original-digital-framework-fig1.png,publication figure,An integrated digital framework for fusion power plant design,https://doi.org/10.1098/rsos.181847,Figure 1,CC BY 4.0,cropped for web display,attribution recorded
public/figures/original-digital-framework-fig2.png,publication figure,An integrated digital framework for fusion power plant design,https://doi.org/10.1098/rsos.181847,Figure 2,CC BY 4.0,cropped for web display,attribution recorded
public/figures/original-fuse-architecture-fig1.png,preprint figure,FUSE: A framework for integrated fusion engineering,https://arxiv.org/abs/2409.05894,Figure 1,license review required,cropped for web display,verify before external redistribution
public/figures/original-dream-validation-fig5-6.png,preprint figure,DREAM: a fluid-kinetic framework for runaway electrons,https://arxiv.org/abs/2103.16457,Figures 5-6,license review required,combined crop for web display,verify before external redistribution
public/figures/original-dream-validation-fig5-6-clean.png,derived publication crop,DREAM: a fluid-kinetic framework for runaway electrons,https://arxiv.org/abs/2103.16457,Figures 5-6,license review required,cleaned combined crop,verify before external redistribution
public/figures/original-jorek-starwall-fig2.png,preprint figure,The JOREK non-linear extended MHD code and applications,https://arxiv.org/abs/2011.09120,Figure 2,license review required,cropped for web display,verify before external redistribution
public/figures/original-freemhd-vv-fig1-2.png,preprint figure,FreeMHD verification and validation,https://arxiv.org/abs/2409.08950,Figures 1-2,license review required,combined crop for web display,verify before external redistribution
public/figures/original-memento-fig8-9.png,preprint figure,MEMENTO code for macroscopic melt motion,https://arxiv.org/abs/2404.12904,Figures 8-9,license review required,combined crop for web display,verify before external redistribution
public/figures/original-thincurr-sparc-fig3.png,preprint figure,ThinCurr for SPARC and DIII-D conducting structures,https://arxiv.org/abs/2309.15336,Figure 3,license review required,cropped for web display,verify before external redistribution
